{
  "condition": "minecraft:alternative",
  "terms": [
    {
      "condition": "minecraft:inverted",
      "term": {
        "condition": "minecraft:alternative",
        "terms": [
          {
            "condition": "minecraft:location_check",
            "offsetX": 0,
            "offsetY": 0,
            "offsetZ": 0,
            "predicate": {
              "block": {
                "block": "minecraft:water",
                "state": {
                  "level": "0"
                }
              }
            }
          },
          {
            "condition": "minecraft:inverted",
            "term": {
              "condition": "minecraft:location_check",
              "offsetX": 0,
              "offsetY": 0,
              "offsetZ": 0,
              "predicate": {
                "block": {
                  "block": "minecraft:water"
                }
              }
            }
          }
        ]
      }
    },
    {
      "condition": "minecraft:location_check",
      "offsetX": 0,
      "offsetY": -2,
      "offsetZ": 0,
      "predicate": {
        "block": {
          "tag": "vb006:1"
        }
      }
    },
    {
      "condition": "minecraft:location_check",
      "offsetX": 0,
      "offsetY": 0,
      "offsetZ": 0,
      "predicate": {
        "block": {
          "tag": "vb006:0"
        }
      }
    },
    {
      "condition": "minecraft:location_check",
      "offsetX": 0,
      "offsetY": -1,
      "offsetZ": 0,
      "predicate": {
        "block": {
          "tag": "vb006:0"
        }
      }
    }
  ]
}
