{"stats":{"minecraft:killed":{"minecraft:pig":4,"minecraft:salmon":4,"minecraft:cow":2},"minecraft:killed_by":{"minecraft:creeper":1},"minecraft:used":{"minecraft:diamond_pickaxe":100,"minecraft:iron_sword":15,"minecraft:diamond_chestplate":1,"minecraft:wooden_sword":18,"minecraft:crafting_table":1,"minecraft:cooked_porkchop":2,"minecraft:porkchop":2,"minecraft:bucket":1,"minecraft:diamond_helmet":1,"minecraft:yellow_bed":1},"minecraft:custom":{"minecraft:time_since_rest":10320,"minecraft:interact_with_furnace":2,"minecraft:sprint_one_cm":33734,"minecraft:damage_taken":598,"minecraft:walk_one_cm":37861,"minecraft:mob_kills":12,"minecraft:damage_dealt":825,"minecraft:talked_to_villager":5,"minecraft:interact_with_crafting_table":2,"minecraft:swim_one_cm":8453,"minecraft:fly_one_cm":126253,"minecraft:open_chest":26,"minecraft:crouch_one_cm":6703,"minecraft:play_time":17955,"minecraft:deaths":1,"minecraft:sneak_time":1870,"minecraft:walk_under_water_one_cm":2345,"minecraft:jump":656,"minecraft:interact_with_blast_furnace":1,"minecraft:walk_on_water_one_cm":8700,"minecraft:time_since_death":13247,"minecraft:sleep_in_bed":1,"minecraft:interact_with_smoker":6,"minecraft:total_world_time":17955,"minecraft:fall_one_cm":16038,"minecraft:inspect_dispenser":1},"minecraft:picked_up":{"minecraft:golden_carrot":31,"minecraft:salmon":4,"minecraft:porkchop":11,"minecraft:oak_log":4,"minecraft:diorite":8,"minecraft:dirt":1,"minecraft:beef":3,"minecraft:sugar_cane":8,"minecraft:coal":71,"minecraft:cobblestone":55,"minecraft:egg":1},"minecraft:mined":{"minecraft:dandelion":1,"minecraft:short_grass":9,"minecraft:coal_ore":36,"minecraft:grass_block":1,"minecraft:oak_log":4,"minecraft:tall_grass":1,"minecraft:stone":55,"minecraft:sugar_cane":4,"minecraft:diorite":9,"minecraft:oak_leaves":2},"minecraft:crafted":{"minecraft:wooden_sword":1,"minecraft:oak_planks":16,"minecraft:cooked_porkchop":7,"minecraft:crafting_table":1,"minecraft:stick":8,"minecraft:wooden_pickaxe":1,"minecraft:cooked_salmon":4,"minecraft:air":0}},"DataVersion":3955}