{"stats":{"minecraft:dropped":{"minecraft:blue_shulker_box":1,"minecraft:crafting_table":1,"minecraft:cooked_porkchop":1,"minecraft:elytra":4,"minecraft:emerald":1,"minecraft:dirt":36,"minecraft:gold_nugget":3,"minecraft:amethyst_shard":2,"minecraft:stripped_oak_wood":1,"minecraft:gravel":2,"minecraft:purpur_block":1,"minecraft:oak_planks":5,"minecraft:leather_leggings":1,"minecraft:arrow":1,"minecraft:wheat_seeds":6,"minecraft:cherry_log":41,"minecraft:mossy_cobblestone":1,"minecraft:oak_fence":3,"minecraft:cobblestone":64,"minecraft:amethyst_block":34,"minecraft:granite":17,"minecraft:stick":22,"minecraft:torch":3,"minecraft:cherry_planks":64,"minecraft:smooth_basalt":34,"minecraft:tuff_bricks":6,"minecraft:tuff":51,"minecraft:raw_iron":2,"minecraft:white_carpet":1,"minecraft:name_tag":1,"minecraft:diamond_sword":2,"minecraft:stone":192,"minecraft:andesite":31,"minecraft:golden_leggings":1,"minecraft:oak_boat":1,"minecraft:sandstone":7,"minecraft:bow":4,"minecraft:stone_pickaxe":5},"minecraft:killed":{"minecraft:spider":3,"minecraft:shulker":9,"minecraft:skeleton":6,"minecraft:chicken":10,"minecraft:piglin":2,"minecraft:pig":15,"minecraft:salmon":4,"minecraft:iron_golem":3,"minecraft:creeper":4,"minecraft:sheep":10,"minecraft:zombie":34,"minecraft:cow":12,"minecraft:endermite":1,"minecraft:enderman":54},"minecraft:crafted":{"minecraft:oak_planks":192,"minecraft:cooked_chicken":3,"minecraft:stone":239,"minecraft:glass":780,"minecraft:hopper":8,"minecraft:diamond_helmet":2,"minecraft:diamond_leggings":2,"minecraft:bow":4,"minecraft:chest":16,"minecraft:emerald":165,"minecraft:cooked_porkchop":19,"minecraft:diamond_axe":1,"minecraft:crafting_table":5,"minecraft:wooden_pickaxe":1,"minecraft:birch_planks":76,"minecraft:iron_chestplate":1,"minecraft:paper":123,"minecraft:diamond_pickaxe":1,"minecraft:shield":1,"minecraft:stick":516,"minecraft:iron_ingot":594,"minecraft:iron_block":16,"minecraft:shears":5,"minecraft:golden_carrot":51,"minecraft:cherry_planks":260,"minecraft:wooden_sword":1,"minecraft:piston":46,"minecraft:flint_and_steel":1,"minecraft:iron_axe":2,"minecraft:ladder":24,"minecraft:stone_pickaxe":5,"minecraft:diamond_boots":2,"minecraft:observer":64,"minecraft:cooked_beef":9,"minecraft:diamond_sword":2,"minecraft:cooked_salmon":4,"minecraft:bucket":1,"minecraft:air":0,"minecraft:oak_boat":1,"minecraft:birch_trapdoor":12,"minecraft:stonecutter":1,"minecraft:anvil":1,"minecraft:torch":280,"minecraft:diamond_chestplate":1,"minecraft:firework_rocket":312},"minecraft:killed_by":{"minecraft:creeper":1,"minecraft:endermite":1},"minecraft:picked_up":{"minecraft:shulker_shell":2,"minecraft:diamond_sword":5,"minecraft:oak_stairs":80,"minecraft:enchanted_book":1,"minecraft:golden_sword":1,"minecraft:amethyst_block":34,"minecraft:polished_deepslate":126,"minecraft:string":2,"minecraft:diamond_leggings":2,"minecraft:gold_nugget":4,"minecraft:cobbled_deepslate":764,"minecraft:bucket":1,"minecraft:calcite":346,"minecraft:iron_pickaxe":2,"minecraft:stick":37,"minecraft:birch_trapdoor":4,"minecraft:oak_fence":45,"minecraft:torch":81,"minecraft:purpur_pillar":6,"minecraft:porkchop":21,"minecraft:cherry_log":132,"minecraft:diorite":13,"minecraft:rotten_flesh":39,"minecraft:iron_block":222,"minecraft:white_terracotta":87,"minecraft:obsidian":11,"minecraft:iron_bars":13,"minecraft:cobblestone":769,"minecraft:feather":8,"minecraft:cooked_beef":8,"minecraft:cherry_planks":104,"minecraft:water_bucket":1,"minecraft:cherry_leaves":1233,"minecraft:andesite":35,"minecraft:golden_leggings":1,"minecraft:potato":3,"minecraft:flint":3,"minecraft:tuff":179,"minecraft:lapis_lazuli":20,"minecraft:dirt":198,"minecraft:name_tag":2,"minecraft:glass":144,"minecraft:bone":8,"minecraft:wheat_seeds":9,"minecraft:diamond_helmet":2,"minecraft:oak_planks":130,"minecraft:cooked_porkchop":12,"minecraft:music_disc_13":1,"minecraft:sand":1074,"minecraft:grass_block":4,"minecraft:mossy_cobblestone":16,"minecraft:diamond":125,"minecraft:granite":70,"minecraft:chainmail_helmet":1,"minecraft:oak_sapling":2,"minecraft:netherrack":133,"minecraft:diamond_pickaxe":1,"minecraft:end_stone_bricks":5,"minecraft:crafting_table":8,"minecraft:chicken":4,"minecraft:ladder":1,"minecraft:leather_leggings":1,"minecraft:purpur_block":2,"minecraft:shield":2,"minecraft:elytra":6,"minecraft:oak_trapdoor":6,"minecraft:white_carpet":49,"minecraft:beef":14,"minecraft:oak_boat":3,"minecraft:observer":31,"minecraft:poppy":4,"minecraft:minecart":1,"minecraft:light_gray_wool":1,"minecraft:chest":5,"minecraft:blue_shulker_box":1,"minecraft:sugar_cane":48,"minecraft:piston":19,"minecraft:egg":1,"minecraft:raw_iron":4,"minecraft:sandstone":7,"minecraft:end_stone":35,"minecraft:oak_door":2,"minecraft:redstone":504,"minecraft:arrow":9,"minecraft:diamond_chestplate":3,"minecraft:diamond_boots":2,"minecraft:deepslate_bricks":206,"minecraft:tuff_bricks":6,"minecraft:mutton":2,"minecraft:white_wool":8,"minecraft:stripped_oak_log":14,"minecraft:golden_carrot":76,"minecraft:salmon":4,"minecraft:leather":8,"minecraft:oak_log":48,"minecraft:cobblestone_wall":2,"minecraft:golden_boots":1,"minecraft:yellow_bed":1,"minecraft:gunpowder":3,"minecraft:cobblestone_stairs":3,"minecraft:cooked_mutton":14,"minecraft:stone_bricks":2,"minecraft:oak_fence_gate":1,"minecraft:iron_ingot":207,"minecraft:cooked_chicken":10,"minecraft:stripped_oak_wood":2,"minecraft:smooth_basalt":34,"minecraft:sweet_berries":2,"minecraft:quartz":73,"minecraft:gravel":11,"minecraft:amethyst_shard":2,"minecraft:white_bed":1,"minecraft:firework_rocket":123,"minecraft:diamond_axe":1,"minecraft:cherry_sapling":33,"minecraft:black_wool":1,"minecraft:hopper":12,"minecraft:coal":270,"minecraft:ender_pearl":25},"minecraft:broken":{"minecraft:shears":5,"minecraft:iron_axe":1},"minecraft:used":{"minecraft:cherry_sapling":12,"minecraft:elytra":27,"minecraft:ladder":1,"minecraft:chest":18,"minecraft:shield":11,"minecraft:iron_sword":159,"minecraft:iron_chestplate":1,"minecraft:glass":325,"minecraft:lava_bucket":2,"minecraft:cherry_leaves":213,"minecraft:birch_trapdoor":5,"minecraft:furnace":3,"minecraft:diamond_boots":2,"minecraft:ender_pearl":14,"minecraft:diamond_axe":49,"minecraft:sugar_cane":96,"minecraft:cookie":50,"minecraft:shears":1190,"minecraft:firework_rocket":135,"minecraft:diamond_sword":421,"minecraft:wooden_sword":18,"minecraft:oak_boat":3,"minecraft:redstone":92,"minecraft:cooked_salmon":4,"minecraft:cooked_chicken":3,"minecraft:netherrack":313,"minecraft:torch":253,"minecraft:dirt":323,"minecraft:anvil":1,"minecraft:white_carpet":18,"minecraft:hopper":12,"minecraft:diamond_helmet":2,"minecraft:granite":34,"minecraft:iron_block":7,"minecraft:iron_axe":414,"minecraft:diamond_chestplate":28,"minecraft:golden_carrot":42,"minecraft:beef":2,"minecraft:minecart":1,"minecraft:cooked_beef":9,"minecraft:observer":91,"minecraft:cooked_mutton":5,"minecraft:water_bucket":112,"minecraft:cherry_planks":29,"minecraft:stonecutter":2,"minecraft:deepslate_bricks":691,"minecraft:crafting_table":11,"minecraft:white_bed":1,"minecraft:piston":85,"minecraft:diamond_pickaxe":3121,"minecraft:diamond_shovel":1123,"minecraft:iron_pickaxe":250,"minecraft:cobblestone":7,"minecraft:porkchop":2,"minecraft:cooked_porkchop":18,"minecraft:bucket":115,"minecraft:yellow_bed":2,"minecraft:diamond_leggings":1},"minecraft:custom":{"minecraft:interact_with_crafting_table":66,"minecraft:open_shulker_box":18,"minecraft:leave_game":4,"minecraft:time_since_death":25632,"minecraft:sprint_one_cm":983108,"minecraft:damage_blocked_by_shield":819,"minecraft:drop":75,"minecraft:talked_to_villager":98,"minecraft:play_time":546689,"minecraft:deaths":4,"minecraft:jump":12717,"minecraft:interact_with_brewingstand":3,"minecraft:walk_on_water_one_cm":82219,"minecraft:enchant_item":2,"minecraft:interact_with_furnace":112,"minecraft:play_record":1,"minecraft:traded_with_villager":192,"minecraft:sleep_in_bed":20,"minecraft:damage_dealt":39801,"minecraft:crouch_one_cm":280047,"minecraft:interact_with_smoker":7,"minecraft:inspect_dispenser":1,"minecraft:horse_one_cm":109544,"minecraft:interact_with_smithing_table":2,"minecraft:mob_kills":177,"minecraft:interact_with_anvil":5,"minecraft:inspect_hopper":8,"minecraft:climb_one_cm":1463,"minecraft:walk_one_cm":1135960,"minecraft:sneak_time":74089,"minecraft:walk_under_water_one_cm":100941,"minecraft:boat_one_cm":120417,"minecraft:interact_with_blast_furnace":2,"minecraft:total_world_time":546689,"minecraft:interact_with_stonecutter":7,"minecraft:time_since_rest":25664,"minecraft:damage_taken":6006,"minecraft:swim_one_cm":77348,"minecraft:fly_one_cm":2601312,"minecraft:open_chest":480,"minecraft:aviate_one_cm":3714466,"minecraft:fall_one_cm":246936},"minecraft:mined":{"minecraft:white_bed":1,"minecraft:cherry_log":111,"minecraft:cobblestone_stairs":3,"minecraft:obsidian":11,"minecraft:granite":64,"minecraft:budding_amethyst":5,"minecraft:grass_block":41,"minecraft:deepslate_bricks":52,"minecraft:hopper":4,"minecraft:tuff_bricks":6,"minecraft:oxeye_daisy":1,"minecraft:iron_ore":5,"minecraft:cobbled_deepslate":2,"minecraft:fire":2,"minecraft:deepslate_lapis_ore":3,"minecraft:dirt_path":1,"minecraft:oak_stairs":81,"minecraft:iron_bars":14,"minecraft:end_stone_bricks":5,"minecraft:iron_block":3,"minecraft:deepslate_redstone_ore":60,"minecraft:torch":4,"minecraft:poppy":1,"minecraft:calcite":359,"minecraft:chest":5,"minecraft:white_stained_glass_pane":4,"minecraft:nether_quartz_ore":3,"minecraft:glass":8,"minecraft:cobblestone":103,"minecraft:sugar_cane":27,"minecraft:oak_planks":127,"minecraft:wall_torch":19,"minecraft:amethyst_block":34,"minecraft:white_terracotta":88,"minecraft:birch_trapdoor":4,"minecraft:stripped_oak_wood":2,"minecraft:purpur_block":1,"minecraft:yellow_stained_glass_pane":5,"minecraft:oak_log":48,"minecraft:oak_fence_gate":1,"minecraft:sand":1090,"minecraft:dirt":135,"minecraft:smooth_basalt":36,"minecraft:netherrack":149,"minecraft:piston":19,"minecraft:oak_leaves":2,"minecraft:deepslate":1038,"minecraft:tuff":191,"minecraft:mossy_cobblestone":16,"minecraft:deepslate_diamond_ore":48,"minecraft:oak_door":1,"minecraft:end_stone":31,"minecraft:ladder":1,"minecraft:redstone_wire":18,"minecraft:sandstone":7,"minecraft:oak_trapdoor":8,"minecraft:andesite":61,"minecraft:polished_deepslate":125,"minecraft:stripped_oak_log":14,"minecraft:stone":513,"minecraft:glass_pane":3,"minecraft:magenta_stained_glass":1,"minecraft:dandelion":1,"minecraft:observer":25,"minecraft:oak_fence":46,"minecraft:crafting_table":8,"minecraft:short_grass":45,"minecraft:purpur_pillar":6,"minecraft:tall_grass":8,"minecraft:deepslate_coal_ore":22,"minecraft:deepslate_gold_ore":1,"minecraft:diorite":48,"minecraft:cobblestone_wall":2,"minecraft:sweet_berry_bush":1,"minecraft:white_carpet":1,"minecraft:yellow_bed":1,"minecraft:coal_ore":90,"minecraft:cherry_leaves":1239,"minecraft:gravel":15,"minecraft:stone_bricks":2,"minecraft:gold_ore":1}},"DataVersion":3955}