{"stats":{"minecraft:killed":{"minecraft:pig":4,"minecraft:salmon":4,"minecraft:cow":2},"minecraft:killed_by":{"minecraft:creeper":1},"minecraft:used":{"minecraft:water_bucket":1,"minecraft:diamond_pickaxe":279,"minecraft:iron_sword":15,"minecraft:netherrack":7,"minecraft:diamond_chestplate":1,"minecraft:dirt":3,"minecraft:wooden_sword":18,"minecraft:crafting_table":1,"minecraft:cooked_porkchop":3,"minecraft:porkchop":2,"minecraft:bucket":2,"minecraft:diamond_helmet":1,"minecraft:yellow_bed":1},"minecraft:custom":{"minecraft:time_since_rest":268,"minecraft:interact_with_furnace":2,"minecraft:sprint_one_cm":64677,"minecraft:damage_taken":627,"minecraft:walk_one_cm":79868,"minecraft:mob_kills":12,"minecraft:damage_dealt":825,"minecraft:talked_to_villager":14,"minecraft:interact_with_crafting_table":5,"minecraft:swim_one_cm":17408,"minecraft:fly_one_cm":220427,"minecraft:open_chest":50,"minecraft:crouch_one_cm":14321,"minecraft:play_time":35955,"minecraft:deaths":1,"minecraft:sneak_time":4670,"minecraft:walk_under_water_one_cm":11110,"minecraft:jump":1051,"minecraft:interact_with_blast_furnace":1,"minecraft:walk_on_water_one_cm":11765,"minecraft:time_since_death":31247,"minecraft:sleep_in_bed":2,"minecraft:interact_with_smoker":6,"minecraft:total_world_time":35955,"minecraft:fall_one_cm":19357,"minecraft:inspect_dispenser":1},"minecraft:picked_up":{"minecraft:raw_iron":2,"minecraft:golden_carrot":48,"minecraft:andesite":4,"minecraft:salmon":4,"minecraft:gravel":1,"minecraft:porkchop":11,"minecraft:oak_log":4,"minecraft:diorite":13,"minecraft:dirt":5,"minecraft:diamond":32,"minecraft:iron_block":13,"minecraft:beef":3,"minecraft:sugar_cane":8,"minecraft:coal":71,"minecraft:cobblestone":217,"minecraft:egg":1},"minecraft:mined":{"minecraft:iron_ore":2,"minecraft:andesite":4,"minecraft:dandelion":1,"minecraft:short_grass":9,"minecraft:coal_ore":36,"minecraft:grass_block":4,"minecraft:oak_log":4,"minecraft:gravel":1,"minecraft:dirt":1,"minecraft:tall_grass":1,"minecraft:stone":222,"minecraft:sugar_cane":4,"minecraft:diorite":13,"minecraft:oak_leaves":2},"minecraft:crafted":{"minecraft:wooden_sword":1,"minecraft:oak_planks":16,"minecraft:diamond_helmet":1,"minecraft:diamond_leggings":1,"minecraft:cooked_porkchop":7,"minecraft:crafting_table":1,"minecraft:stick":8,"minecraft:wooden_pickaxe":1,"minecraft:diamond_boots":1,"minecraft:cooked_salmon":4,"minecraft:air":0}},"DataVersion":3955}