{"stats":{"minecraft:dropped":{"minecraft:blue_shulker_box":1,"minecraft:wheat_seeds":6,"minecraft:mossy_cobblestone":1,"minecraft:crafting_table":1,"minecraft:cooked_porkchop":1,"minecraft:oak_fence":3,"minecraft:cobblestone":64,"minecraft:amethyst_block":34,"minecraft:granite":17,"minecraft:elytra":4,"minecraft:stick":20,"minecraft:cherry_planks":64,"minecraft:amethyst_shard":2,"minecraft:gold_nugget":3,"minecraft:stripped_oak_wood":1,"minecraft:smooth_basalt":34,"minecraft:gravel":2,"minecraft:tuff_bricks":6,"minecraft:purpur_block":1,"minecraft:tuff":51,"minecraft:raw_iron":2,"minecraft:oak_planks":5,"minecraft:name_tag":1,"minecraft:diamond_sword":2,"minecraft:andesite":31,"minecraft:golden_leggings":1,"minecraft:oak_boat":1,"minecraft:leather_leggings":1,"minecraft:sandstone":7,"minecraft:arrow":1,"minecraft:bow":4,"minecraft:stone_pickaxe":5},"minecraft:killed":{"minecraft:spider":3,"minecraft:shulker":9,"minecraft:skeleton":5,"minecraft:chicken":10,"minecraft:piglin":2,"minecraft:pig":15,"minecraft:salmon":4,"minecraft:iron_golem":3,"minecraft:creeper":4,"minecraft:sheep":10,"minecraft:zombie":29,"minecraft:enderman":3,"minecraft:cow":11},"minecraft:crafted":{"minecraft:cherry_planks":260,"minecraft:wooden_sword":1,"minecraft:oak_planks":36,"minecraft:cooked_chicken":3,"minecraft:piston":46,"minecraft:stone":239,"minecraft:flint_and_steel":1,"minecraft:hopper":8,"minecraft:glass":780,"minecraft:diamond_helmet":1,"minecraft:bow":4,"minecraft:diamond_leggings":2,"minecraft:iron_axe":2,"minecraft:ladder":24,"minecraft:stone_pickaxe":5,"minecraft:chest":16,"minecraft:diamond_boots":2,"minecraft:observer":64,"minecraft:cooked_beef":9,"minecraft:diamond_sword":2,"minecraft:emerald":82,"minecraft:cooked_porkchop":19,"minecraft:crafting_table":5,"minecraft:wooden_pickaxe":1,"minecraft:cooked_salmon":4,"minecraft:birch_planks":76,"minecraft:bucket":1,"minecraft:air":0,"minecraft:oak_boat":1,"minecraft:iron_chestplate":1,"minecraft:paper":63,"minecraft:diamond_pickaxe":1,"minecraft:shield":1,"minecraft:stick":180,"minecraft:iron_ingot":306,"minecraft:birch_trapdoor":12,"minecraft:stonecutter":1,"minecraft:torch":280,"minecraft:firework_rocket":132,"minecraft:diamond_chestplate":1,"minecraft:shears":5},"minecraft:killed_by":{"minecraft:creeper":1},"minecraft:picked_up":{"minecraft:shulker_shell":2,"minecraft:crafting_table":8,"minecraft:chicken":4,"minecraft:ladder":1,"minecraft:leather_leggings":1,"minecraft:diamond_sword":4,"minecraft:oak_stairs":80,"minecraft:enchanted_book":1,"minecraft:purpur_block":2,"minecraft:shield":1,"minecraft:golden_sword":1,"minecraft:amethyst_block":34,"minecraft:polished_deepslate":126,"minecraft:oak_trapdoor":6,"minecraft:string":2,"minecraft:elytra":6,"minecraft:diamond_leggings":2,"minecraft:gold_nugget":4,"minecraft:cobbled_deepslate":764,"minecraft:beef":13,"minecraft:oak_boat":3,"minecraft:calcite":346,"minecraft:observer":31,"minecraft:poppy":4,"minecraft:iron_pickaxe":1,"minecraft:light_gray_wool":1,"minecraft:sugar_cane":48,"minecraft:blue_shulker_box":1,"minecraft:chest":5,"minecraft:piston":19,"minecraft:egg":1,"minecraft:stick":37,"minecraft:raw_iron":4,"minecraft:sandstone":7,"minecraft:end_stone":1,"minecraft:oak_door":2,"minecraft:birch_trapdoor":4,"minecraft:oak_fence":45,"minecraft:torch":81,"minecraft:purpur_pillar":6,"minecraft:porkchop":21,"minecraft:cherry_log":91,"minecraft:diorite":13,"minecraft:redstone":504,"minecraft:arrow":7,"minecraft:diamond_chestplate":2,"minecraft:rotten_flesh":34,"minecraft:deepslate_bricks":206,"minecraft:diamond_boots":2,"minecraft:iron_block":100,"minecraft:white_terracotta":87,"minecraft:tuff_bricks":6,"minecraft:mutton":2,"minecraft:obsidian":11,"minecraft:iron_bars":13,"minecraft:white_wool":8,"minecraft:cobblestone":764,"minecraft:stripped_oak_log":14,"minecraft:feather":8,"minecraft:cooked_beef":8,"minecraft:golden_carrot":76,"minecraft:cherry_planks":104,"minecraft:andesite":35,"minecraft:cherry_leaves":1169,"minecraft:water_bucket":1,"minecraft:salmon":4,"minecraft:leather":8,"minecraft:golden_leggings":1,"minecraft:potato":3,"minecraft:flint":3,"minecraft:tuff":115,"minecraft:oak_log":48,"minecraft:gunpowder":3,"minecraft:golden_boots":1,"minecraft:yellow_bed":1,"minecraft:cobblestone_wall":2,"minecraft:cobblestone_stairs":3,"minecraft:lapis_lazuli":20,"minecraft:dirt":198,"minecraft:cooked_mutton":14,"minecraft:glass":144,"minecraft:bone":7,"minecraft:stone_bricks":2,"minecraft:wheat_seeds":9,"minecraft:iron_ingot":59,"minecraft:oak_fence_gate":1,"minecraft:cooked_chicken":10,"minecraft:stripped_oak_wood":2,"minecraft:diamond_helmet":2,"minecraft:oak_planks":130,"minecraft:smooth_basalt":34,"minecraft:cooked_porkchop":12,"minecraft:music_disc_13":1,"minecraft:sweet_berries":2,"minecraft:quartz":73,"minecraft:gravel":11,"minecraft:sand":1074,"minecraft:amethyst_shard":2,"minecraft:white_bed":1,"minecraft:grass_block":2,"minecraft:mossy_cobblestone":16,"minecraft:firework_rocket":64,"minecraft:diamond":125,"minecraft:chainmail_helmet":1,"minecraft:granite":70,"minecraft:cherry_sapling":25,"minecraft:oak_sapling":2,"minecraft:netherrack":133,"minecraft:black_wool":1,"minecraft:coal":234,"minecraft:end_stone_bricks":5,"minecraft:hopper":12,"minecraft:ender_pearl":2,"minecraft:diamond_pickaxe":1},"minecraft:broken":{"minecraft:shears":5,"minecraft:iron_axe":1},"minecraft:used":{"minecraft:cherry_sapling":12,"minecraft:redstone":92,"minecraft:ladder":1,"minecraft:elytra":22,"minecraft:chest":18,"minecraft:shield":11,"minecraft:iron_sword":159,"minecraft:cooked_salmon":4,"minecraft:cooked_chicken":3,"minecraft:netherrack":313,"minecraft:iron_chestplate":1,"minecraft:torch":253,"minecraft:dirt":323,"minecraft:hopper":12,"minecraft:diamond_helmet":2,"minecraft:granite":34,"minecraft:glass":325,"minecraft:lava_bucket":2,"minecraft:iron_block":2,"minecraft:iron_axe":414,"minecraft:cherry_leaves":119,"minecraft:diamond_chestplate":23,"minecraft:birch_trapdoor":5,"minecraft:golden_carrot":28,"minecraft:beef":1,"minecraft:furnace":3,"minecraft:cooked_beef":9,"minecraft:observer":91,"minecraft:cooked_mutton":5,"minecraft:water_bucket":107,"minecraft:diamond_boots":2,"minecraft:cherry_planks":29,"minecraft:ender_pearl":1,"minecraft:stonecutter":2,"minecraft:sugar_cane":96,"minecraft:deepslate_bricks":691,"minecraft:cookie":50,"minecraft:crafting_table":11,"minecraft:white_bed":1,"minecraft:shears":1190,"minecraft:piston":85,"minecraft:diamond_pickaxe":3085,"minecraft:firework_rocket":116,"minecraft:diamond_shovel":1123,"minecraft:iron_pickaxe":250,"minecraft:diamond_sword":199,"minecraft:wooden_sword":18,"minecraft:cobblestone":2,"minecraft:cooked_porkchop":18,"minecraft:porkchop":2,"minecraft:bucket":110,"minecraft:yellow_bed":2,"minecraft:oak_boat":3,"minecraft:diamond_leggings":1},"minecraft:custom":{"minecraft:interact_with_smithing_table":1,"minecraft:interact_with_anvil":5,"minecraft:mob_kills":117,"minecraft:inspect_hopper":6,"minecraft:interact_with_crafting_table":60,"minecraft:open_shulker_box":14,"minecraft:leave_game":4,"minecraft:time_since_death":69134,"minecraft:climb_one_cm":1463,"minecraft:sprint_one_cm":910559,"minecraft:walk_one_cm":1000674,"minecraft:damage_blocked_by_shield":819,"minecraft:drop":66,"minecraft:talked_to_villager":62,"minecraft:play_time":486689,"minecraft:deaths":3,"minecraft:sneak_time":68733,"minecraft:walk_under_water_one_cm":84968,"minecraft:boat_one_cm":120417,"minecraft:jump":11258,"minecraft:interact_with_brewingstand":3,"minecraft:interact_with_blast_furnace":1,"minecraft:walk_on_water_one_cm":78148,"minecraft:enchant_item":2,"minecraft:total_world_time":486689,"minecraft:interact_with_furnace":112,"minecraft:play_record":1,"minecraft:traded_with_villager":91,"minecraft:interact_with_stonecutter":7,"minecraft:sleep_in_bed":20,"minecraft:time_since_rest":69300,"minecraft:damage_taken":4853,"minecraft:damage_dealt":18884,"minecraft:swim_one_cm":77348,"minecraft:fly_one_cm":2383945,"minecraft:open_chest":429,"minecraft:crouch_one_cm":260620,"minecraft:aviate_one_cm":3338602,"minecraft:horse_one_cm":109544,"minecraft:interact_with_smoker":7,"minecraft:inspect_dispenser":1,"minecraft:fall_one_cm":218835},"minecraft:mined":{"minecraft:tuff":191,"minecraft:white_bed":1,"minecraft:mossy_cobblestone":16,"minecraft:deepslate_diamond_ore":48,"minecraft:oak_door":1,"minecraft:cobblestone_stairs":3,"minecraft:cherry_log":69,"minecraft:ladder":1,"minecraft:end_stone":2,"minecraft:obsidian":11,"minecraft:granite":64,"minecraft:budding_amethyst":5,"minecraft:grass_block":41,"minecraft:redstone_wire":18,"minecraft:deepslate_bricks":52,"minecraft:hopper":4,"minecraft:sandstone":7,"minecraft:oxeye_daisy":1,"minecraft:tuff_bricks":6,"minecraft:oak_trapdoor":8,"minecraft:fire":2,"minecraft:iron_ore":5,"minecraft:cobbled_deepslate":2,"minecraft:andesite":61,"minecraft:deepslate_lapis_ore":3,"minecraft:polished_deepslate":125,"minecraft:dirt_path":1,"minecraft:oak_stairs":81,"minecraft:iron_bars":14,"minecraft:stripped_oak_log":14,"minecraft:iron_block":2,"minecraft:end_stone_bricks":5,"minecraft:stone":513,"minecraft:deepslate_redstone_ore":60,"minecraft:glass_pane":3,"minecraft:magenta_stained_glass":1,"minecraft:observer":25,"minecraft:dandelion":1,"minecraft:oak_fence":46,"minecraft:crafting_table":8,"minecraft:torch":4,"minecraft:short_grass":45,"minecraft:calcite":359,"minecraft:poppy":1,"minecraft:chest":5,"minecraft:white_stained_glass_pane":4,"minecraft:tall_grass":8,"minecraft:purpur_pillar":6,"minecraft:glass":8,"minecraft:nether_quartz_ore":3,"minecraft:cobblestone":98,"minecraft:deepslate_coal_ore":22,"minecraft:deepslate_gold_ore":1,"minecraft:oak_planks":127,"minecraft:sugar_cane":27,"minecraft:diorite":48,"minecraft:wall_torch":19,"minecraft:amethyst_block":34,"minecraft:white_terracotta":88,"minecraft:cobblestone_wall":2,"minecraft:sweet_berry_bush":1,"minecraft:birch_trapdoor":4,"minecraft:stripped_oak_wood":2,"minecraft:purpur_block":1,"minecraft:yellow_bed":1,"minecraft:yellow_stained_glass_pane":5,"minecraft:oak_log":48,"minecraft:coal_ore":90,"minecraft:oak_fence_gate":1,"minecraft:cherry_leaves":1216,"minecraft:gravel":15,"minecraft:sand":1090,"minecraft:dirt":135,"minecraft:smooth_basalt":36,"minecraft:stone_bricks":2,"minecraft:netherrack":149,"minecraft:piston":19,"minecraft:gold_ore":1,"minecraft:oak_leaves":2,"minecraft:deepslate":1038}},"DataVersion":3955}