{"stats":{"minecraft:killed":{"minecraft:pig":1,"minecraft:cow":2},"minecraft:killed_by":{"minecraft:creeper":1},"minecraft:used":{"minecraft:wooden_sword":18,"minecraft:crafting_table":1},"minecraft:custom":{"minecraft:time_since_rest":1281,"minecraft:deaths":1,"minecraft:crouch_one_cm":796,"minecraft:play_time":5955,"minecraft:sprint_one_cm":12280,"minecraft:damage_taken":519,"minecraft:walk_one_cm":14941,"minecraft:sneak_time":470,"minecraft:walk_under_water_one_cm":676,"minecraft:mob_kills":4,"minecraft:jump":183,"minecraft:damage_dealt":350,"minecraft:time_since_death":1247,"minecraft:walk_on_water_one_cm":848,"minecraft:total_world_time":5955,"minecraft:swim_one_cm":7255,"minecraft:inspect_dispenser":1,"minecraft:interact_with_crafting_table":2,"minecraft:fall_one_cm":3814,"minecraft:fly_one_cm":44530},"minecraft:picked_up":{"minecraft:golden_carrot":31,"minecraft:beef":3,"minecraft:porkchop":2,"minecraft:oak_log":4,"minecraft:sugar_cane":8,"minecraft:dirt":1,"minecraft:egg":1},"minecraft:mined":{"minecraft:short_grass":9,"minecraft:grass_block":1,"minecraft:oak_log":4,"minecraft:sugar_cane":4,"minecraft:dandelion":1,"minecraft:oak_leaves":2},"minecraft:crafted":{"minecraft:wooden_sword":1,"minecraft:oak_planks":16,"minecraft:crafting_table":1,"minecraft:stick":8,"minecraft:wooden_pickaxe":1}},"DataVersion":3955}