{"stats":{"minecraft:killed":{"minecraft:spider":1,"minecraft:shulker":6,"minecraft:skeleton":1,"minecraft:chicken":10,"minecraft:piglin":2,"minecraft:pig":15,"minecraft:salmon":4,"minecraft:iron_golem":3,"minecraft:creeper":2,"minecraft:sheep":10,"minecraft:zombie":23,"minecraft:enderman":2,"minecraft:cow":11},"minecraft:killed_by":{"minecraft:creeper":1},"minecraft:used":{"minecraft:cherry_sapling":12,"minecraft:redstone":59,"minecraft:elytra":4,"minecraft:chest":18,"minecraft:shield":6,"minecraft:iron_sword":159,"minecraft:cooked_salmon":4,"minecraft:netherrack":251,"minecraft:iron_chestplate":1,"minecraft:torch":157,"minecraft:dirt":264,"minecraft:hopper":12,"minecraft:diamond_helmet":2,"minecraft:glass":187,"minecraft:lava_bucket":2,"minecraft:iron_axe":414,"minecraft:diamond_chestplate":7,"minecraft:birch_trapdoor":5,"minecraft:golden_carrot":21,"minecraft:beef":1,"minecraft:furnace":3,"minecraft:cooked_beef":2,"minecraft:observer":48,"minecraft:cooked_mutton":5,"minecraft:water_bucket":94,"minecraft:diamond_boots":1,"minecraft:ender_pearl":1,"minecraft:stonecutter":2,"minecraft:sugar_cane":63,"minecraft:deepslate_bricks":384,"minecraft:cookie":50,"minecraft:crafting_table":6,"minecraft:white_bed":1,"minecraft:shears":1190,"minecraft:piston":53,"minecraft:diamond_pickaxe":2316,"minecraft:firework_rocket":12,"minecraft:diamond_shovel":1123,"minecraft:iron_pickaxe":157,"minecraft:diamond_sword":135,"minecraft:wooden_sword":18,"minecraft:cobblestone":2,"minecraft:cooked_porkchop":18,"minecraft:porkchop":2,"minecraft:bucket":98,"minecraft:yellow_bed":2,"minecraft:oak_boat":3,"minecraft:diamond_leggings":1},"minecraft:dropped":{"minecraft:blue_shulker_box":1,"minecraft:wheat_seeds":6,"minecraft:crafting_table":1,"minecraft:granite":11,"minecraft:elytra":2,"minecraft:stick":20,"minecraft:cherry_planks":4,"minecraft:gold_nugget":3,"minecraft:gravel":1,"minecraft:purpur_block":1,"minecraft:tuff":29,"minecraft:oak_planks":5,"minecraft:diamond_sword":1,"minecraft:golden_leggings":1,"minecraft:leather_leggings":1,"minecraft:sandstone":7,"minecraft:arrow":1,"minecraft:bow":4,"minecraft:stone_pickaxe":5},"minecraft:custom":{"minecraft:interact_with_smithing_table":1,"minecraft:mob_kills":97,"minecraft:interact_with_anvil":3,"minecraft:inspect_hopper":6,"minecraft:interact_with_crafting_table":40,"minecraft:open_shulker_box":6,"minecraft:leave_game":2,"minecraft:time_since_death":84718,"minecraft:climb_one_cm":1463,"minecraft:sprint_one_cm":745687,"minecraft:walk_one_cm":759976,"minecraft:damage_blocked_by_shield":320,"minecraft:drop":39,"minecraft:talked_to_villager":53,"minecraft:play_time":358082,"minecraft:deaths":2,"minecraft:sneak_time":48287,"minecraft:walk_under_water_one_cm":58876,"minecraft:boat_one_cm":120417,"minecraft:jump":9010,"minecraft:interact_with_brewingstand":2,"minecraft:interact_with_blast_furnace":1,"minecraft:walk_on_water_one_cm":64941,"minecraft:enchant_item":2,"minecraft:total_world_time":358082,"minecraft:interact_with_furnace":112,"minecraft:traded_with_villager":75,"minecraft:interact_with_stonecutter":5,"minecraft:sleep_in_bed":20,"minecraft:time_since_rest":29444,"minecraft:damage_taken":3278,"minecraft:damage_dealt":14074,"minecraft:swim_one_cm":73413,"minecraft:fly_one_cm":2003164,"minecraft:open_chest":331,"minecraft:crouch_one_cm":175926,"minecraft:aviate_one_cm":271829,"minecraft:horse_one_cm":109544,"minecraft:interact_with_smoker":7,"minecraft:fall_one_cm":173811,"minecraft:inspect_dispenser":1},"minecraft:picked_up":{"minecraft:end_stone_bricks":3,"minecraft:crafting_table":5,"minecraft:chicken":4,"minecraft:leather_leggings":1,"minecraft:diamond_sword":2,"minecraft:oak_stairs":80,"minecraft:purpur_block":2,"minecraft:golden_sword":1,"minecraft:polished_deepslate":126,"minecraft:oak_trapdoor":6,"minecraft:string":2,"minecraft:elytra":3,"minecraft:diamond_leggings":1,"minecraft:gold_nugget":4,"minecraft:cobbled_deepslate":580,"minecraft:beef":13,"minecraft:oak_boat":3,"minecraft:observer":24,"minecraft:poppy":4,"minecraft:light_gray_wool":1,"minecraft:blue_shulker_box":1,"minecraft:sugar_cane":47,"minecraft:chest":5,"minecraft:piston":19,"minecraft:egg":1,"minecraft:stick":25,"minecraft:raw_iron":4,"minecraft:sandstone":7,"minecraft:oak_door":2,"minecraft:birch_trapdoor":4,"minecraft:oak_fence":45,"minecraft:torch":42,"minecraft:purpur_pillar":4,"minecraft:porkchop":21,"minecraft:cherry_log":65,"minecraft:diorite":13,"minecraft:redstone":133,"minecraft:diamond_chestplate":1,"minecraft:arrow":6,"minecraft:rotten_flesh":27,"minecraft:diamond_boots":1,"minecraft:deepslate_bricks":21,"minecraft:iron_block":13,"minecraft:white_terracotta":87,"minecraft:mutton":2,"minecraft:obsidian":11,"minecraft:iron_bars":13,"minecraft:white_wool":8,"minecraft:cobblestone":479,"minecraft:stripped_oak_log":14,"minecraft:feather":8,"minecraft:cooked_beef":6,"minecraft:cherry_planks":8,"minecraft:golden_carrot":52,"minecraft:cherry_leaves":1169,"minecraft:andesite":35,"minecraft:salmon":4,"minecraft:leather":8,"minecraft:golden_leggings":1,"minecraft:potato":3,"minecraft:flint":3,"minecraft:tuff":107,"minecraft:oak_log":48,"minecraft:cobblestone_wall":2,"minecraft:yellow_bed":1,"minecraft:golden_boots":1,"minecraft:gunpowder":1,"minecraft:cobblestone_stairs":3,"minecraft:lapis_lazuli":20,"minecraft:dirt":147,"minecraft:cooked_mutton":14,"minecraft:bone":3,"minecraft:stone_bricks":2,"minecraft:wheat_seeds":8,"minecraft:iron_ingot":7,"minecraft:oak_fence_gate":1,"minecraft:cooked_chicken":7,"minecraft:stripped_oak_wood":2,"minecraft:diamond_helmet":1,"minecraft:oak_planks":130,"minecraft:cooked_porkchop":12,"minecraft:sweet_berries":2,"minecraft:quartz":56,"minecraft:gravel":10,"minecraft:sand":1074,"minecraft:grass_block":1,"minecraft:white_bed":1,"minecraft:mossy_cobblestone":15,"minecraft:firework_rocket":1,"minecraft:diamond":91,"minecraft:granite":53,"minecraft:cherry_sapling":24,"minecraft:oak_sapling":2,"minecraft:netherrack":130,"minecraft:black_wool":1,"minecraft:coal":195,"minecraft:hopper":12,"minecraft:shulker_shell":1,"minecraft:ender_pearl":1},"minecraft:broken":{"minecraft:shears":5,"minecraft:iron_axe":1},"minecraft:mined":{"minecraft:tuff":173,"minecraft:white_bed":1,"minecraft:mossy_cobblestone":15,"minecraft:deepslate_diamond_ore":35,"minecraft:oak_door":1,"minecraft:cobblestone_stairs":3,"minecraft:cherry_log":69,"minecraft:obsidian":11,"minecraft:granite":54,"minecraft:grass_block":41,"minecraft:redstone_wire":18,"minecraft:deepslate_bricks":21,"minecraft:hopper":4,"minecraft:sandstone":7,"minecraft:oxeye_daisy":1,"minecraft:oak_trapdoor":8,"minecraft:iron_ore":4,"minecraft:cobbled_deepslate":2,"minecraft:andesite":36,"minecraft:deepslate_lapis_ore":3,"minecraft:polished_deepslate":125,"minecraft:dirt_path":1,"minecraft:oak_stairs":81,"minecraft:iron_bars":14,"minecraft:stripped_oak_log":14,"minecraft:end_stone_bricks":3,"minecraft:stone":427,"minecraft:deepslate_redstone_ore":15,"minecraft:glass_pane":3,"minecraft:observer":24,"minecraft:dandelion":1,"minecraft:oak_fence":46,"minecraft:crafting_table":4,"minecraft:torch":2,"minecraft:short_grass":44,"minecraft:poppy":1,"minecraft:chest":5,"minecraft:white_stained_glass_pane":4,"minecraft:purpur_pillar":4,"minecraft:cobblestone":84,"minecraft:tall_grass":8,"minecraft:glass":5,"minecraft:nether_quartz_ore":3,"minecraft:deepslate_coal_ore":22,"minecraft:oak_planks":127,"minecraft:sugar_cane":26,"minecraft:diorite":21,"minecraft:wall_torch":17,"minecraft:white_terracotta":88,"minecraft:cobblestone_wall":2,"minecraft:sweet_berry_bush":1,"minecraft:birch_trapdoor":4,"minecraft:stripped_oak_wood":2,"minecraft:purpur_block":1,"minecraft:yellow_bed":1,"minecraft:yellow_stained_glass_pane":5,"minecraft:oak_log":48,"minecraft:coal_ore":87,"minecraft:oak_fence_gate":1,"minecraft:cherry_leaves":1209,"minecraft:gravel":15,"minecraft:sand":1089,"minecraft:dirt":117,"minecraft:stone_bricks":2,"minecraft:netherrack":146,"minecraft:piston":19,"minecraft:oak_leaves":2,"minecraft:deepslate":916},"minecraft:crafted":{"minecraft:cherry_planks":44,"minecraft:wooden_sword":1,"minecraft:oak_planks":36,"minecraft:cooked_chicken":3,"minecraft:piston":19,"minecraft:stone":239,"minecraft:flint_and_steel":1,"minecraft:glass":780,"minecraft:diamond_helmet":1,"minecraft:bow":4,"minecraft:diamond_leggings":2,"minecraft:iron_axe":2,"minecraft:stone_pickaxe":5,"minecraft:chest":8,"minecraft:diamond_boots":2,"minecraft:observer":22,"minecraft:cooked_beef":9,"minecraft:diamond_sword":2,"minecraft:emerald":66,"minecraft:cooked_porkchop":19,"minecraft:crafting_table":3,"minecraft:wooden_pickaxe":1,"minecraft:cooked_salmon":4,"minecraft:bucket":1,"minecraft:birch_planks":76,"minecraft:air":0,"minecraft:oak_boat":1,"minecraft:iron_chestplate":1,"minecraft:paper":63,"minecraft:diamond_pickaxe":1,"minecraft:shield":1,"minecraft:stick":96,"minecraft:iron_ingot":117,"minecraft:birch_trapdoor":12,"minecraft:stonecutter":1,"minecraft:torch":192,"minecraft:shears":5,"minecraft:firework_rocket":84,"minecraft:diamond_chestplate":1}},"DataVersion":3955}