{"stats":{"minecraft:killed":{"minecraft:pig":4,"minecraft:salmon":4,"minecraft:zombie":2,"minecraft:cow":2},"minecraft:killed_by":{"minecraft:creeper":1},"minecraft:used":{"minecraft:water_bucket":35,"minecraft:redstone":33,"minecraft:chest":11,"minecraft:iron_sword":34,"minecraft:stonecutter":1,"minecraft:sugar_cane":44,"minecraft:cooked_salmon":4,"minecraft:deepslate_bricks":226,"minecraft:netherrack":40,"minecraft:dirt":163,"minecraft:hopper":12,"minecraft:crafting_table":2,"minecraft:diamond_helmet":1,"minecraft:glass":133,"minecraft:piston":33,"minecraft:diamond_pickaxe":567,"minecraft:diamond_chestplate":1,"minecraft:wooden_sword":18,"minecraft:furnace":3,"minecraft:porkchop":2,"minecraft:cooked_porkchop":7,"minecraft:bucket":36,"minecraft:yellow_bed":2,"minecraft:observer":26},"minecraft:custom":{"minecraft:interact_with_furnace":32,"minecraft:mob_kills":14,"minecraft:inspect_hopper":5,"minecraft:interact_with_crafting_table":10,"minecraft:open_shulker_box":2,"minecraft:interact_with_stonecutter":4,"minecraft:leave_game":1,"minecraft:time_since_death":106324,"minecraft:sleep_in_bed":9,"minecraft:time_since_rest":7846,"minecraft:sprint_one_cm":186499,"minecraft:damage_taken":791,"minecraft:walk_one_cm":264933,"minecraft:drop":2,"minecraft:damage_dealt":1226,"minecraft:swim_one_cm":25526,"minecraft:talked_to_villager":14,"minecraft:fly_one_cm":581113,"minecraft:open_chest":88,"minecraft:crouch_one_cm":55318,"minecraft:play_time":111032,"minecraft:deaths":1,"minecraft:sneak_time":14471,"minecraft:walk_under_water_one_cm":17771,"minecraft:jump":2930,"minecraft:interact_with_blast_furnace":1,"minecraft:walk_on_water_one_cm":39062,"minecraft:total_world_time":111032,"minecraft:interact_with_smoker":7,"minecraft:fall_one_cm":51698,"minecraft:inspect_dispenser":1},"minecraft:dropped":{"minecraft:gravel":1,"minecraft:sandstone":7},"minecraft:picked_up":{"minecraft:crafting_table":1,"minecraft:golden_carrot":48,"minecraft:salmon":4,"minecraft:andesite":4,"minecraft:potato":3,"minecraft:oak_log":4,"minecraft:yellow_bed":1,"minecraft:polished_deepslate":126,"minecraft:dirt":76,"minecraft:wheat_seeds":4,"minecraft:cobbled_deepslate":24,"minecraft:beef":3,"minecraft:observer":22,"minecraft:chest":5,"minecraft:sugar_cane":44,"minecraft:piston":15,"minecraft:egg":1,"minecraft:raw_iron":2,"minecraft:sandstone":7,"minecraft:quartz":49,"minecraft:gravel":1,"minecraft:porkchop":11,"minecraft:sand":26,"minecraft:cherry_log":5,"minecraft:diorite":13,"minecraft:redstone":44,"minecraft:rotten_flesh":4,"minecraft:diamond":32,"minecraft:deepslate_bricks":12,"minecraft:iron_block":13,"minecraft:netherrack":31,"minecraft:iron_bars":13,"minecraft:coal":72,"minecraft:hopper":12,"minecraft:cobblestone":221},"minecraft:mined":{"minecraft:cherry_log":6,"minecraft:observer":22,"minecraft:dandelion":1,"minecraft:crafting_table":1,"minecraft:short_grass":34,"minecraft:grass_block":17,"minecraft:chest":5,"minecraft:redstone_wire":8,"minecraft:glass":4,"minecraft:deepslate_bricks":12,"minecraft:tall_grass":2,"minecraft:sugar_cane":23,"minecraft:hopper":4,"minecraft:diorite":13,"minecraft:sandstone":7,"minecraft:iron_ore":2,"minecraft:andesite":4,"minecraft:yellow_bed":1,"minecraft:polished_deepslate":125,"minecraft:oak_log":4,"minecraft:coal_ore":37,"minecraft:iron_bars":14,"minecraft:cherry_leaves":2,"minecraft:gravel":1,"minecraft:sand":28,"minecraft:dirt":64,"minecraft:stone":224,"minecraft:netherrack":31,"minecraft:piston":15,"minecraft:oak_leaves":2},"minecraft:crafted":{"minecraft:cherry_planks":20,"minecraft:wooden_sword":1,"minecraft:oak_planks":16,"minecraft:cooked_porkchop":7,"minecraft:crafting_table":1,"minecraft:wooden_pickaxe":1,"minecraft:cooked_salmon":4,"minecraft:stone":15,"minecraft:air":0,"minecraft:glass":140,"minecraft:diamond_helmet":1,"minecraft:diamond_leggings":1,"minecraft:stick":8,"minecraft:iron_ingot":9,"minecraft:chest":1,"minecraft:diamond_boots":1,"minecraft:stonecutter":1,"minecraft:observer":2}},"DataVersion":3955}