{"stats":{"minecraft:killed":{"minecraft:spider":1,"minecraft:skeleton":1,"minecraft:pig":4,"minecraft:salmon":4,"minecraft:iron_golem":2,"minecraft:creeper":2,"minecraft:zombie":21,"minecraft:cow":2},"minecraft:killed_by":{"minecraft:creeper":1},"minecraft:used":{"minecraft:redstone":33,"minecraft:chest":15,"minecraft:iron_sword":159,"minecraft:cooked_salmon":4,"minecraft:netherrack":74,"minecraft:torch":144,"minecraft:dirt":211,"minecraft:hopper":12,"minecraft:diamond_helmet":1,"minecraft:glass":133,"minecraft:iron_axe":323,"minecraft:diamond_chestplate":1,"minecraft:golden_carrot":15,"minecraft:furnace":3,"minecraft:observer":26,"minecraft:water_bucket":36,"minecraft:stonecutter":1,"minecraft:sugar_cane":44,"minecraft:deepslate_bricks":226,"minecraft:crafting_table":2,"minecraft:white_bed":1,"minecraft:piston":33,"minecraft:diamond_pickaxe":2086,"minecraft:diamond_shovel":755,"minecraft:diamond_sword":1,"minecraft:wooden_sword":18,"minecraft:cooked_porkchop":7,"minecraft:porkchop":2,"minecraft:bucket":37,"minecraft:yellow_bed":2},"minecraft:dropped":{"minecraft:wheat_seeds":4,"minecraft:crafting_table":1,"minecraft:granite":11,"minecraft:gravel":1,"minecraft:tuff":29,"minecraft:oak_planks":5,"minecraft:golden_leggings":1,"minecraft:leather_leggings":1,"minecraft:sandstone":7,"minecraft:arrow":1,"minecraft:bow":4,"minecraft:stone_pickaxe":5},"minecraft:custom":{"minecraft:interact_with_smithing_table":1,"minecraft:mob_kills":43,"minecraft:inspect_hopper":5,"minecraft:interact_with_crafting_table":18,"minecraft:open_shulker_box":2,"minecraft:leave_game":1,"minecraft:time_since_death":196279,"minecraft:climb_one_cm":1463,"minecraft:sprint_one_cm":389064,"minecraft:walk_one_cm":458689,"minecraft:drop":23,"minecraft:talked_to_villager":32,"minecraft:play_time":200987,"minecraft:deaths":1,"minecraft:sneak_time":34559,"minecraft:walk_under_water_one_cm":22735,"minecraft:jump":4779,"minecraft:interact_with_blast_furnace":1,"minecraft:walk_on_water_one_cm":40494,"minecraft:enchant_item":2,"minecraft:total_world_time":200987,"minecraft:interact_with_furnace":33,"minecraft:traded_with_villager":75,"minecraft:interact_with_stonecutter":4,"minecraft:sleep_in_bed":13,"minecraft:time_since_rest":9818,"minecraft:damage_taken":1585,"minecraft:damage_dealt":6884,"minecraft:swim_one_cm":32602,"minecraft:fly_one_cm":969480,"minecraft:open_chest":174,"minecraft:crouch_one_cm":119393,"minecraft:interact_with_smoker":7,"minecraft:fall_one_cm":82250,"minecraft:inspect_dispenser":1},"minecraft:picked_up":{"minecraft:crafting_table":2,"minecraft:leather_leggings":1,"minecraft:oak_stairs":80,"minecraft:polished_deepslate":126,"minecraft:string":2,"minecraft:oak_trapdoor":6,"minecraft:cobbled_deepslate":575,"minecraft:beef":3,"minecraft:observer":22,"minecraft:poppy":2,"minecraft:chest":5,"minecraft:sugar_cane":44,"minecraft:piston":15,"minecraft:egg":1,"minecraft:raw_iron":2,"minecraft:sandstone":7,"minecraft:oak_door":2,"minecraft:oak_fence":42,"minecraft:torch":36,"minecraft:porkchop":11,"minecraft:cherry_log":5,"minecraft:diorite":13,"minecraft:redstone":123,"minecraft:arrow":4,"minecraft:rotten_flesh":26,"minecraft:deepslate_bricks":12,"minecraft:iron_block":13,"minecraft:white_terracotta":87,"minecraft:iron_bars":13,"minecraft:cobblestone":367,"minecraft:stripped_oak_log":14,"minecraft:golden_carrot":48,"minecraft:andesite":4,"minecraft:salmon":4,"minecraft:golden_leggings":1,"minecraft:potato":3,"minecraft:flint":3,"minecraft:tuff":93,"minecraft:oak_log":48,"minecraft:golden_boots":1,"minecraft:gunpowder":1,"minecraft:yellow_bed":1,"minecraft:cobblestone_wall":2,"minecraft:cobblestone_stairs":3,"minecraft:lapis_lazuli":20,"minecraft:dirt":106,"minecraft:bone":1,"minecraft:wheat_seeds":4,"minecraft:iron_ingot":4,"minecraft:oak_fence_gate":1,"minecraft:stripped_oak_wood":1,"minecraft:oak_planks":130,"minecraft:quartz":49,"minecraft:gravel":10,"minecraft:sand":726,"minecraft:white_bed":1,"minecraft:mossy_cobblestone":15,"minecraft:diamond":91,"minecraft:granite":11,"minecraft:oak_sapling":2,"minecraft:netherrack":36,"minecraft:coal":143,"minecraft:hopper":12},"minecraft:broken":{"minecraft:iron_axe":1},"minecraft:mined":{"minecraft:tuff":154,"minecraft:white_bed":1,"minecraft:mossy_cobblestone":15,"minecraft:deepslate_diamond_ore":35,"minecraft:oak_door":1,"minecraft:cherry_log":6,"minecraft:cobblestone_stairs":3,"minecraft:granite":12,"minecraft:grass_block":25,"minecraft:redstone_wire":8,"minecraft:deepslate_bricks":12,"minecraft:hopper":4,"minecraft:oxeye_daisy":1,"minecraft:sandstone":7,"minecraft:oak_trapdoor":8,"minecraft:iron_ore":2,"minecraft:andesite":5,"minecraft:deepslate_lapis_ore":3,"minecraft:polished_deepslate":125,"minecraft:dirt_path":1,"minecraft:oak_stairs":81,"minecraft:iron_bars":14,"minecraft:stripped_oak_log":14,"minecraft:stone":314,"minecraft:deepslate_redstone_ore":15,"minecraft:glass_pane":3,"minecraft:observer":22,"minecraft:dandelion":1,"minecraft:oak_fence":43,"minecraft:crafting_table":1,"minecraft:torch":1,"minecraft:short_grass":34,"minecraft:poppy":1,"minecraft:chest":5,"minecraft:white_stained_glass_pane":4,"minecraft:tall_grass":2,"minecraft:glass":4,"minecraft:cobblestone":84,"minecraft:deepslate_coal_ore":1,"minecraft:sugar_cane":23,"minecraft:oak_planks":127,"minecraft:diorite":21,"minecraft:wall_torch":15,"minecraft:white_terracotta":88,"minecraft:cobblestone_wall":2,"minecraft:stripped_oak_wood":1,"minecraft:yellow_bed":1,"minecraft:yellow_stained_glass_pane":5,"minecraft:oak_log":48,"minecraft:coal_ore":81,"minecraft:oak_fence_gate":1,"minecraft:cherry_leaves":2,"minecraft:gravel":15,"minecraft:sand":778,"minecraft:dirt":74,"minecraft:netherrack":40,"minecraft:piston":15,"minecraft:oak_leaves":2,"minecraft:deepslate":913},"minecraft:crafted":{"minecraft:cherry_planks":20,"minecraft:wooden_sword":1,"minecraft:oak_planks":36,"minecraft:stone":15,"minecraft:glass":140,"minecraft:diamond_helmet":1,"minecraft:bow":4,"minecraft:diamond_leggings":1,"minecraft:iron_axe":2,"minecraft:stone_pickaxe":5,"minecraft:chest":5,"minecraft:diamond_boots":1,"minecraft:observer":2,"minecraft:diamond_sword":1,"minecraft:emerald":66,"minecraft:cooked_porkchop":7,"minecraft:crafting_table":1,"minecraft:wooden_pickaxe":1,"minecraft:cooked_salmon":4,"minecraft:birch_planks":20,"minecraft:air":0,"minecraft:stick":80,"minecraft:iron_ingot":117,"minecraft:stonecutter":1,"minecraft:torch":160}},"DataVersion":3955}