{"stats":{"minecraft:killed":{"minecraft:shulker":17,"minecraft:skeleton":18,"minecraft:cat":7,"minecraft:salmon":2,"minecraft:iron_golem":25,"minecraft:ender_dragon":1,"minecraft:zombie":89,"minecraft:cow":1,"minecraft:endermite":1,"minecraft:horse":1,"minecraft:wandering_trader":3,"minecraft:enderman":24,"minecraft:spider":20,"minecraft:piglin":2,"minecraft:pig":2,"minecraft:zombie_villager":3,"minecraft:creeper":29,"minecraft:sheep":2,"minecraft:trader_llama":1,"minecraft:ghast":2,"minecraft:blaze":4,"minecraft:bogged":2,"minecraft:drowned":1,"minecraft:villager":11},"minecraft:killed_by":{"minecraft:zombie_villager":2,"minecraft:zombie":7,"minecraft:creeper":3,"minecraft:piglin":1,"minecraft:player":6,"minecraft:spider":1,"minecraft:enderman":3,"minecraft:iron_golem":6,"minecraft:skeleton":8},"minecraft:used":{"minecraft:peony":14,"minecraft:elytra":8,"minecraft:spruce_slab":13,"minecraft:ladder":8,"minecraft:poppy":551,"minecraft:chest":69,"minecraft:stone":259,"minecraft:soul_sand":8,"minecraft:spruce_boat":5,"minecraft:lava_bucket":149,"minecraft:villager_spawn_egg":24,"minecraft:birch_sapling":5,"minecraft:cherry_leaves":116,"minecraft:bow":130,"minecraft:oak_sapling":22,"minecraft:furnace":27,"minecraft:egg":1,"minecraft:dragon_head":3,"minecraft:diorite":11,"minecraft:end_stone_bricks":5,"minecraft:spruce_door":8,"minecraft:powered_rail":15,"minecraft:cactus":1,"minecraft:composter":2,"minecraft:purpur_pillar":24,"minecraft:purpur_stairs":5,"minecraft:sand":40,"minecraft:blast_furnace":12,"minecraft:birch_slab":17,"minecraft:lectern":248,"minecraft:cherry_sign":51,"minecraft:lilac":21,"minecraft:smithing_table":87,"minecraft:bubble_coral_block":2,"minecraft:birch_log":15,"minecraft:oak_boat":12,"minecraft:oak_trapdoor":2,"minecraft:iron_bars":17,"minecraft:netherrack":251,"minecraft:torch":84,"minecraft:brewing_stand":2,"minecraft:anvil":11,"minecraft:stone_stairs":234,"minecraft:cod_bucket":1,"minecraft:polished_diorite":13,"minecraft:chipped_anvil":2,"minecraft:iron_block":7,"minecraft:iron_axe":763,"minecraft:cherry_slab":86,"minecraft:cherry_fence_gate":137,"minecraft:diamond_chestplate":4,"minecraft:cherry_fence":101,"minecraft:cobbled_deepslate":214,"minecraft:cherry_log":123,"minecraft:observer":22,"minecraft:water_bucket":524,"minecraft:birch_planks":141,"minecraft:cherry_planks":505,"minecraft:fletching_table":27,"minecraft:rail":77,"minecraft:oak_slab":52,"minecraft:crafting_table":92,"minecraft:birch_sign":8,"minecraft:white_bed":116,"minecraft:campfire":9,"minecraft:spruce_log":22,"minecraft:oak_log":18,"minecraft:ender_eye":22,"minecraft:diamond_pickaxe":2787,"minecraft:cornflower":6,"minecraft:diamond_shovel":12239,"minecraft:suspicious_stew":7,"minecraft:iron_pickaxe":698,"minecraft:spruce_trapdoor":15,"minecraft:spruce_sapling":6,"minecraft:cobblestone":3079,"minecraft:potion":6,"minecraft:cooked_porkchop":6,"minecraft:stripped_oak_log":6,"minecraft:kelp":11,"minecraft:dandelion":8,"minecraft:jukebox":1,"minecraft:diamond_leggings":2,"minecraft:cherry_sapling":67,"minecraft:iron_shovel":982,"minecraft:polished_deepslate":317,"minecraft:oak_sign":13,"minecraft:shield":7,"minecraft:iron_sword":248,"minecraft:zombie_spawn_egg":19,"minecraft:bell":63,"minecraft:iron_chestplate":5,"minecraft:spruce_leaves":103,"minecraft:soul_campfire":15,"minecraft:carrot":160,"minecraft:obsidian":5,"minecraft:polished_deepslate_stairs":67,"minecraft:glass":872,"minecraft:coal_ore":19,"minecraft:iron_helmet":1,"minecraft:magma_block":1,"minecraft:blue_shulker_box":66,"minecraft:end_rod":1,"minecraft:diamond_boots":3,"minecraft:stone_pickaxe":2,"minecraft:oak_planks":387,"minecraft:polished_diorite_slab":22,"minecraft:ender_pearl":35,"minecraft:sandstone":10,"minecraft:diamond_axe":3898,"minecraft:sugar_cane":112,"minecraft:black_bed":13,"minecraft:end_stone":6,"minecraft:shears":1632,"minecraft:redstone_torch":16,"minecraft:firework_rocket":89,"minecraft:heavy_weighted_pressure_plate":3,"minecraft:bread":90,"minecraft:gravel":53,"minecraft:pufferfish_bucket":3,"minecraft:chainmail_boots":1,"minecraft:grindstone":2,"minecraft:andesite":2,"minecraft:stripped_cherry_log":1,"minecraft:tropical_fish_bucket":1,"minecraft:bone_meal":261,"minecraft:cherry_boat":24,"minecraft:oak_fence":4,"minecraft:purpur_block":15,"minecraft:cherry_wood":35,"minecraft:flint_and_steel":54,"minecraft:redstone":15,"minecraft:spruce_planks":11,"minecraft:dirt":6714,"minecraft:spyglass":7,"minecraft:white_carpet":98,"minecraft:hopper":72,"minecraft:diamond_helmet":4,"minecraft:shulker_box":1,"minecraft:golden_chestplate":1,"minecraft:granite":1,"minecraft:iron_hoe":90,"minecraft:bookshelf":14,"minecraft:oak_stairs":1,"minecraft:cherry_trapdoor":102,"minecraft:golden_carrot":253,"minecraft:emerald_block":1,"minecraft:netherite_pickaxe":3282,"minecraft:minecart":18,"minecraft:cooked_beef":87,"minecraft:iron_leggings":2,"minecraft:cooked_mutton":1,"minecraft:glass_bottle":11,"minecraft:baked_potato":1,"minecraft:birch_boat":10,"minecraft:stonecutter":4,"minecraft:cobblestone_slab":1292,"minecraft:piston":24,"minecraft:apple":20,"minecraft:stone_axe":67,"minecraft:bucket":683,"minecraft:yellow_bed":113,"minecraft:splash_potion":1},"minecraft:custom":{"minecraft:interact_with_crafting_table":363,"minecraft:bell_ring":415,"minecraft:leave_game":20,"minecraft:time_since_death":21312,"minecraft:damage_blocked_by_shield":675,"minecraft:play_time":2291666,"minecraft:deaths":59,"minecraft:jump":32073,"minecraft:interact_with_furnace":225,"minecraft:play_record":1,"minecraft:traded_with_villager":1865,"minecraft:sleep_in_bed":100,"minecraft:damage_dealt":73697,"minecraft:interact_with_smoker":4,"minecraft:inspect_dispenser":24,"minecraft:horse_one_cm":58756,"minecraft:interact_with_smithing_table":16,"minecraft:interact_with_anvil":46,"minecraft:inspect_hopper":50,"minecraft:sneak_time":243005,"minecraft:interact_with_blast_furnace":5,"minecraft:total_world_time":2291666,"minecraft:interact_with_stonecutter":4,"minecraft:time_since_rest":21350,"minecraft:swim_one_cm":522700,"minecraft:fly_one_cm":6552823,"minecraft:open_chest":1974,"minecraft:fall_one_cm":765004,"minecraft:open_shulker_box":149,"minecraft:sprint_one_cm":5223644,"minecraft:drop":1407,"minecraft:talked_to_villager":1086,"minecraft:interact_with_brewingstand":18,"minecraft:walk_on_water_one_cm":512765,"minecraft:open_enderchest":1,"minecraft:player_kills":5,"minecraft:crouch_one_cm":872992,"minecraft:mob_kills":281,"minecraft:climb_one_cm":21849,"minecraft:walk_one_cm":3323487,"minecraft:walk_under_water_one_cm":251864,"minecraft:boat_one_cm":1114618,"minecraft:interact_with_grindstone":2,"minecraft:damage_taken":48239,"minecraft:aviate_one_cm":4108990},"minecraft:dropped":{"minecraft:piston":40,"minecraft:porkchop":8,"minecraft:lapis_lazuli":36,"minecraft:cooked_beef":71,"minecraft:chorus_fruit":5,"minecraft:glass_bottle":2,"minecraft:diamond":18,"minecraft:crafting_table":2,"minecraft:cookie":36,"minecraft:cracked_stone_bricks":2,"minecraft:purpur_stairs":1,"minecraft:elytra":2,"minecraft:rail":36,"minecraft:emerald":169,"minecraft:dirt":1216,"minecraft:cherry_leaves":295,"minecraft:bone_meal":10,"minecraft:sand":61,"minecraft:iron_pickaxe":1,"minecraft:sugar":4,"minecraft:cherry_door":2,"minecraft:white_wool":5,"minecraft:bone":14,"minecraft:stone_axe":46,"minecraft:cherry_boat":2,"minecraft:sugar_cane":49,"minecraft:lever":1,"minecraft:golden_chestplate":3,"minecraft:cobbled_deepslate":77,"minecraft:wheat":2,"minecraft:obsidian":31,"minecraft:rotten_flesh":72,"minecraft:oak_planks":72,"minecraft:end_stone":20,"minecraft:blaze_powder":10,"minecraft:azure_bluet":2,"minecraft:heavy_weighted_pressure_plate":3,"minecraft:cod_bucket":1,"minecraft:leather_boots":3,"minecraft:ladder":13,"minecraft:leather_leggings":1,"minecraft:spruce_slab":3,"minecraft:end_stone_bricks":7,"minecraft:glass":1,"minecraft:beef":2,"minecraft:cherry_fence":3,"minecraft:enchanted_book":12,"minecraft:iron_ingot":891,"minecraft:golden_boots":2,"minecraft:wheat_seeds":142,"minecraft:clock":4,"minecraft:oak_fence":2,"minecraft:purpur_slab":2,"minecraft:book":4,"minecraft:iron_helmet":19,"minecraft:cobblestone":438,"minecraft:apple":48,"minecraft:granite":73,"minecraft:coal":145,"minecraft:chainmail_helmet":1,"minecraft:golden_apple":4,"minecraft:oxeye_daisy":3,"minecraft:lava_bucket":11,"minecraft:gray_wool":3,"minecraft:golden_carrot":97,"minecraft:cherry_planks":12,"minecraft:diamond_helmet":2,"minecraft:pufferfish_bucket":1,"minecraft:oak_stairs":1,"minecraft:golden_hoe":1,"minecraft:red_dye":3,"minecraft:chipped_anvil":1,"minecraft:smooth_stone":1,"minecraft:chainmail_leggings":57,"minecraft:paper":53,"minecraft:string":2,"minecraft:spruce_sapling":6,"minecraft:furnace":1,"minecraft:zombie_spawn_egg":1,"minecraft:soul_soil":1,"minecraft:bowl":7,"minecraft:stone_shovel":42,"minecraft:white_carpet":11,"minecraft:iron_boots":3,"minecraft:stone_slab":10,"minecraft:cherry_slab":13,"minecraft:name_tag":2,"minecraft:shears":2,"minecraft:diamond_sword":1,"minecraft:potato":2,"minecraft:cobblestone_slab":157,"minecraft:stone":401,"minecraft:peony":2,"minecraft:spruce_trapdoor":3,"minecraft:spruce_planks":2,"minecraft:diamond_pickaxe":7,"minecraft:redstone_torch":20,"minecraft:stone_bricks":1,"minecraft:sandstone":4,"minecraft:bow":4,"minecraft:guster_pottery_sherd":1,"minecraft:spruce_sign":2,"minecraft:soul_sand":1,"minecraft:moss_block":4,"minecraft:diamond_axe":6,"minecraft:oak_log":6,"minecraft:golden_pickaxe":1,"minecraft:ender_pearl":4,"minecraft:leather":1,"minecraft:iron_horse_armor":2,"minecraft:cod":1,"minecraft:cobblestone_stairs":1,"minecraft:flint":1,"minecraft:cherry_trapdoor":4,"minecraft:mutton":2,"minecraft:snowball":10,"minecraft:birch_log":23,"minecraft:gold_ingot":64,"minecraft:gravel":41,"minecraft:purpur_block":60,"minecraft:spyglass":2,"minecraft:cherry_sapling":5,"minecraft:diamond_shovel":3,"minecraft:carrot":375,"minecraft:chainmail_chestplate":10,"minecraft:shulker_shell":1,"minecraft:poppy":47,"minecraft:leather_chestplate":2,"minecraft:beetroot_seeds":1,"minecraft:chest":4,"minecraft:chainmail_boots":44,"minecraft:iron_bars":5,"minecraft:arrow":97,"minecraft:powered_rail":7,"minecraft:oak_leaves":4,"minecraft:splash_potion":1,"minecraft:firework_rocket":9,"minecraft:water_bucket":2,"minecraft:stone_hoe":26,"minecraft:bread":155,"minecraft:oak_slab":3,"minecraft:cherry_log":29,"minecraft:lilac":4,"minecraft:mossy_cobblestone":5,"minecraft:smithing_table":9,"minecraft:minecart":22,"minecraft:bookshelf":1,"minecraft:diamond_leggings":2,"minecraft:spruce_stairs":1,"minecraft:stick":61,"minecraft:cherry_fence_gate":1,"minecraft:cherry_sign":2,"minecraft:iron_block":146,"minecraft:diorite":14,"minecraft:torch":12,"minecraft:iron_leggings":11,"minecraft:iron_axe":4,"minecraft:bucket":4,"minecraft:dandelion":18,"minecraft:redstone":1,"minecraft:kelp":3,"minecraft:oak_trapdoor":1,"minecraft:flow_pottery_sherd":2,"minecraft:raw_copper":22,"minecraft:tuff":10,"minecraft:dead_bubble_coral_block":8,"minecraft:iron_hoe":1,"minecraft:villager_spawn_egg":2,"minecraft:smoker":1,"minecraft:stripped_oak_log":3,"minecraft:shulker_box":1,"minecraft:shield":1,"minecraft:diamond_chestplate":2,"minecraft:iron_chestplate":3,"minecraft:andesite":76,"minecraft:mossy_stone_bricks":2,"minecraft:golden_leggings":1,"minecraft:oak_sapling":7,"minecraft:diamond_boots":1,"minecraft:spruce_log":64,"minecraft:stone_pickaxe":69,"minecraft:wooden_pickaxe":1},"minecraft:picked_up":{"minecraft:iron_chestplate":15,"minecraft:chainmail_boots":19,"minecraft:flower_pot":1,"minecraft:anvil":6,"minecraft:stone_slab":5,"minecraft:smithing_table":120,"minecraft:lead":13,"minecraft:diamond_sword":1,"minecraft:oak_stairs":3,"minecraft:enchanted_book":53,"minecraft:brewing_stand":3,"minecraft:polished_deepslate":398,"minecraft:string":65,"minecraft:soul_soil":12,"minecraft:cherry_boat":24,"minecraft:diamond_leggings":18,"minecraft:cobbled_deepslate":929,"minecraft:spruce_planks":111,"minecraft:trial_key":1,"minecraft:golden_helmet":1,"minecraft:composter":2,"minecraft:purpur_pillar":46,"minecraft:cherry_log":1321,"minecraft:golden_chestplate":2,"minecraft:iron_block":91,"minecraft:end_rod":14,"minecraft:white_terracotta":116,"minecraft:blaze_rod":4,"minecraft:iron_bars":6,"minecraft:snowball":26,"minecraft:birch_log":171,"minecraft:magma_block":11,"minecraft:polished_diorite_slab":22,"minecraft:cooked_beef":573,"minecraft:cherry_leaves":1337,"minecraft:water_bucket":44,"minecraft:smoker":3,"minecraft:flint":26,"minecraft:cherry_fence":63,"minecraft:cherry_door":1,"minecraft:stonecutter":8,"minecraft:diamond_helmet":16,"minecraft:iron_hoe":1,"minecraft:lever":3,"minecraft:granite":214,"minecraft:bread":156,"minecraft:cherry_slab":412,"minecraft:diamond_pickaxe":42,"minecraft:spruce_leaves":103,"minecraft:crafting_table":75,"minecraft:stripped_cherry_log":2,"minecraft:dragon_head":5,"minecraft:purpur_block":34,"minecraft:heavy_weighted_pressure_plate":3,"minecraft:cornflower":6,"minecraft:elytra":20,"minecraft:flint_and_steel":3,"minecraft:white_carpet":37,"minecraft:iron_shovel":8,"minecraft:cracked_stone_bricks":2,"minecraft:beef":2,"minecraft:poppy":1141,"minecraft:spruce_slab":4,"minecraft:minecart":62,"minecraft:guster_pottery_sherd":1,"minecraft:chest":71,"minecraft:birch_sapling":8,"minecraft:piston":50,"minecraft:copper_ore":16,"minecraft:egg":1,"minecraft:sandstone":3,"minecraft:stone":1273,"minecraft:oak_door":4,"minecraft:flow_pottery_sherd":2,"minecraft:carrot":804,"minecraft:redstone":191,"minecraft:netherite_pickaxe":12,"minecraft:music_disc_creator_music_box":1,"minecraft:diamond_chestplate":11,"minecraft:stone_shovel":16,"minecraft:peony":20,"minecraft:shears":16,"minecraft:diamond_boots":24,"minecraft:purpur_slab":22,"minecraft:gold_ingot":635,"minecraft:mutton":2,"minecraft:white_wool":66,"minecraft:rail":178,"minecraft:bone_block":34,"minecraft:oxeye_daisy":3,"minecraft:stripped_oak_log":61,"minecraft:clock":2,"minecraft:red_mushroom":5,"minecraft:purpur_stairs":13,"minecraft:oak_log":385,"minecraft:golden_boots":1,"minecraft:paper":78,"minecraft:stone_bricks":1,"minecraft:apple":9,"minecraft:kelp":325,"minecraft:pufferfish_bucket":1,"minecraft:stone_pickaxe":29,"minecraft:iron_ore":12,"minecraft:cherry_sign":38,"minecraft:glass_bottle":1,"minecraft:iron_sword":12,"minecraft:sweet_berries":24,"minecraft:spyglass":2,"minecraft:gravel":100,"minecraft:spruce_sapling":14,"minecraft:spruce_log":283,"minecraft:crying_obsidian":1,"minecraft:firework_rocket":31,"minecraft:diamond_shovel":42,"minecraft:coal_ore":55,"minecraft:polished_diorite":48,"minecraft:stone_axe":27,"minecraft:diamond_axe":37,"minecraft:birch_sign":7,"minecraft:gray_wool":4,"minecraft:baked_potato":3,"minecraft:hopper":33,"minecraft:ender_pearl":38,"minecraft:shulker_shell":10,"minecraft:wheat":26,"minecraft:potion":4,"minecraft:cod_bucket":5,"minecraft:raw_copper":37,"minecraft:iron_leggings":11,"minecraft:oak_sign":13,"minecraft:activator_rail":11,"minecraft:smooth_stone":2,"minecraft:bucket":64,"minecraft:red_dye":2,"minecraft:redstone_torch":36,"minecraft:cobblestone_slab":1530,"minecraft:ender_eye":18,"minecraft:iron_pickaxe":16,"minecraft:furnace":6,"minecraft:iron_boots":8,"minecraft:tipped_arrow":3,"minecraft:stick":677,"minecraft:polished_deepslate_stairs":23,"minecraft:oak_fence":13,"minecraft:torch":156,"minecraft:spruce_stairs":10,"minecraft:porkchop":13,"minecraft:villager_spawn_egg":2,"minecraft:diorite":195,"minecraft:rotten_flesh":157,"minecraft:obsidian":92,"minecraft:cod":1,"minecraft:blaze_powder":11,"minecraft:cobblestone":4562,"minecraft:pink_petals":3,"minecraft:leather_chestplate":2,"minecraft:lilac":25,"minecraft:cherry_planks":766,"minecraft:andesite":197,"minecraft:black_bed":13,"minecraft:golden_leggings":1,"minecraft:potato":23,"minecraft:tuff":16,"minecraft:stripped_birch_log":4,"minecraft:dirt":13707,"minecraft:lapis_lazuli":164,"minecraft:name_tag":2,"minecraft:leather_boots":3,"minecraft:glass":443,"minecraft:bone":40,"minecraft:bow":6,"minecraft:wheat_seeds":218,"minecraft:raw_gold":116,"minecraft:bell":69,"minecraft:grindstone":2,"minecraft:mossy_stone_bricks":2,"minecraft:fletching_table":37,"minecraft:powered_rail":32,"minecraft:scrape_pottery_sherd":2,"minecraft:oak_planks":686,"minecraft:sand":1048,"minecraft:grass_block":22,"minecraft:diamond_block":1,"minecraft:shulker_box":2,"minecraft:sugar":2,"minecraft:diamond":47,"minecraft:spruce_boat":2,"minecraft:cherry_wood":10,"minecraft:bone_meal":10,"minecraft:golden_apple":14,"minecraft:spruce_sign":2,"minecraft:emerald":582,"minecraft:chorus_fruit":14,"minecraft:oak_sapling":71,"minecraft:netherrack":462,"minecraft:bubble_coral_block":4,"minecraft:oak_leaves":17,"minecraft:charcoal":36,"minecraft:end_stone_bricks":26,"minecraft:azure_bluet":5,"minecraft:splash_potion":8,"minecraft:ladder":47,"minecraft:brown_mushroom":6,"minecraft:wooden_pickaxe":1,"minecraft:gold_block":6,"minecraft:shield":14,"minecraft:brick":29,"minecraft:oak_trapdoor":11,"minecraft:stone_stairs":20,"minecraft:iron_axe":9,"minecraft:oak_boat":15,"minecraft:observer":8,"minecraft:lectern":247,"minecraft:blue_shulker_box":76,"minecraft:sugar_cane":568,"minecraft:spruce_trapdoor":1,"minecraft:cherry_trapdoor":71,"minecraft:raw_iron":204,"minecraft:end_stone":75,"minecraft:cherry_stairs":16,"minecraft:bowl":2,"minecraft:cookie":36,"minecraft:iron_horse_armor":2,"minecraft:cherry_fence_gate":33,"minecraft:arrow":156,"minecraft:nether_bricks":2,"minecraft:golden_carrot":520,"minecraft:leather":30,"minecraft:birch_planks":299,"minecraft:yellow_bed":141,"minecraft:gunpowder":45,"minecraft:cooked_mutton":13,"minecraft:iron_ingot":3232,"minecraft:soul_sand":485,"minecraft:book":76,"minecraft:oak_slab":25,"minecraft:scaffolding":16,"minecraft:emerald_block":6,"minecraft:birch_boat":4,"minecraft:quartz":208,"minecraft:dandelion":61,"minecraft:lava_bucket":49,"minecraft:blast_furnace":26,"minecraft:white_bed":101,"minecraft:spruce_door":2,"minecraft:spider_eye":19,"minecraft:chainmail_leggings":28,"minecraft:dead_bubble_coral_block":14,"minecraft:iron_helmet":16,"minecraft:cherry_sapling":232,"minecraft:black_wool":4,"minecraft:coal":643},"minecraft:broken":{"minecraft:golden_boots":1,"minecraft:diamond_helmet":1,"minecraft:shears":3,"minecraft:iron_pickaxe":3,"minecraft:iron_helmet":1,"minecraft:golden_helmet":1,"minecraft:iron_shovel":2},"minecraft:mined":{"minecraft:dragon_wall_head":2,"minecraft:white_bed":90,"minecraft:cherry_log":946,"minecraft:obsidian":11,"minecraft:granite":102,"minecraft:purpur_slab":7,"minecraft:hopper":31,"minecraft:oak_wall_sign":11,"minecraft:oxeye_daisy":1,"minecraft:tall_seagrass":2,"minecraft:magma_block":4,"minecraft:cobbled_deepslate":43,"minecraft:fire":9,"minecraft:fletching_table":28,"minecraft:dirt_path":263,"minecraft:oak_stairs":30,"minecraft:iron_block":7,"minecraft:kelp_plant":26,"minecraft:smoker":2,"minecraft:soul_fire":1,"minecraft:powder_snow":3,"minecraft:torch":11,"minecraft:blast_furnace":20,"minecraft:polished_diorite_slab":7,"minecraft:glass":295,"minecraft:sugar_cane":156,"minecraft:cherry_slab":80,"minecraft:birch_sapling":1,"minecraft:white_terracotta":31,"minecraft:cherry_fence":46,"minecraft:wheat":5,"minecraft:lilac":12,"minecraft:black_bed":12,"minecraft:blue_shulker_box":65,"minecraft:stonecutter":5,"minecraft:piston":10,"minecraft:deepslate":321,"minecraft:suspicious_gravel":1,"minecraft:cherry_sapling":2,"minecraft:stripped_birch_log":1,"minecraft:end_stone":24,"minecraft:shulker_box":1,"minecraft:nether_bricks":5,"minecraft:redstone_wire":1,"minecraft:cherry_wood":10,"minecraft:red_mushroom":5,"minecraft:kelp":13,"minecraft:cherry_wall_sign":17,"minecraft:redstone_ore":5,"minecraft:snow":3,"minecraft:andesite":136,"minecraft:diamond_block":1,"minecraft:potatoes":1,"minecraft:cobblestone_slab":798,"minecraft:rail":35,"minecraft:cherry_fence_gate":33,"minecraft:bone_block":34,"minecraft:ender_chest":1,"minecraft:smithing_table":71,"minecraft:oak_slab":18,"minecraft:glass_pane":1,"minecraft:cherry_planks":199,"minecraft:soul_sand":47,"minecraft:observer":8,"minecraft:dandelion":10,"minecraft:cornflower":4,"minecraft:short_grass":315,"minecraft:campfire":9,"minecraft:copper_ore":12,"minecraft:purpur_pillar":40,"minecraft:tall_grass":89,"minecraft:deepslate_gold_ore":18,"minecraft:diorite":159,"minecraft:white_carpet":25,"minecraft:spruce_log":63,"minecraft:birch_leaves":2,"minecraft:gravel":95,"minecraft:birch_sign":2,"minecraft:stone_bricks":9,"minecraft:cherry_sign":6,"minecraft:gold_ore":5,"minecraft:spruce_planks":11,"minecraft:farmland":78,"minecraft:brewing_stand":3,"minecraft:cherry_trapdoor":40,"minecraft:grass_block":6365,"minecraft:soul_soil":21,"minecraft:polished_diorite":5,"minecraft:composter":2,"minecraft:iron_ore":43,"minecraft:dragon_head":1,"minecraft:anvil":2,"minecraft:azure_bluet":2,"minecraft:iron_bars":9,"minecraft:birch_wall_sign":3,"minecraft:end_stone_bricks":14,"minecraft:spruce_slab":8,"minecraft:deepslate_redstone_ore":3,"minecraft:polished_deepslate_stairs":15,"minecraft:purpur_stairs":5,"minecraft:poppy":27,"minecraft:chest":29,"minecraft:nether_quartz_ore":61,"minecraft:cobblestone":690,"minecraft:grindstone":2,"minecraft:oak_planks":401,"minecraft:iron_door":3,"minecraft:wall_torch":11,"minecraft:pink_petals":1,"minecraft:seagrass":1,"minecraft:stone_stairs":21,"minecraft:powered_rail":3,"minecraft:birch_log":78,"minecraft:activator_rail":2,"minecraft:cherry_door":1,"minecraft:purpur_block":17,"minecraft:oak_log":239,"minecraft:sand":582,"minecraft:dirt":5569,"minecraft:netherrack":679,"minecraft:oak_leaves":92,"minecraft:emerald_block":1,"minecraft:nether_gold_ore":5,"minecraft:tuff":15,"minecraft:deepslate_diamond_ore":14,"minecraft:stripped_cherry_log":2,"minecraft:ladder":18,"minecraft:soul_campfire":6,"minecraft:spruce_leaves":117,"minecraft:sandstone":3,"minecraft:large_fern":1,"minecraft:oak_trapdoor":4,"minecraft:heavy_weighted_pressure_plate":3,"minecraft:furnace":5,"minecraft:carrots":152,"minecraft:peony":19,"minecraft:gold_block":1,"minecraft:bell":59,"minecraft:polished_deepslate":154,"minecraft:bookshelf":19,"minecraft:deepslate_iron_ore":14,"minecraft:stripped_oak_log":18,"minecraft:chorus_plant":1,"minecraft:stone":2610,"minecraft:cherry_stairs":16,"minecraft:redstone_wall_torch":2,"minecraft:podzol":53,"minecraft:magenta_stained_glass":1,"minecraft:infested_stone_bricks":1,"minecraft:snow_block":11,"minecraft:basalt":4,"minecraft:oak_fence":3,"minecraft:crafting_table":56,"minecraft:lectern":244,"minecraft:lapis_ore":8,"minecraft:spruce_stairs":3,"minecraft:birch_planks":56,"minecraft:redstone_torch":2,"minecraft:sweet_berry_bush":5,"minecraft:yellow_bed":119,"minecraft:coal_ore":87,"minecraft:cherry_leaves":1595,"minecraft:end_rod":7,"minecraft:cracked_stone_bricks":8,"minecraft:mossy_stone_bricks":7},"minecraft:crafted":{"minecraft:smooth_stone":5,"minecraft:oak_sign":12,"minecraft:cherry_wood":64,"minecraft:cactus":8,"minecraft:blaze_powder":16,"minecraft:birch_boat":7,"minecraft:birch_slab":18,"minecraft:diamond_shovel":3,"minecraft:bookshelf":21,"minecraft:shulker_box":1,"minecraft:iron_bars":16,"minecraft:glass":588,"minecraft:diamond_helmet":2,"minecraft:diamond_leggings":1,"minecraft:bubble_coral_block":2,"minecraft:name_tag":2,"minecraft:glass_bottle":12,"minecraft:emerald":1548,"minecraft:cooked_porkchop":4,"minecraft:soul_campfire":15,"minecraft:diamond_axe":4,"minecraft:spruce_door":6,"minecraft:smithing_table":23,"minecraft:clock":7,"minecraft:fletching_table":9,"minecraft:campfire":9,"minecraft:tropical_fish_bucket":1,"minecraft:lectern":5,"minecraft:cherry_sign":27,"minecraft:stone_slab":6,"minecraft:iron_pickaxe":4,"minecraft:iron_block":337,"minecraft:gold_ingot":31,"minecraft:sandstone":11,"minecraft:golden_carrot":237,"minecraft:stone_shovel":20,"minecraft:jukebox":1,"minecraft:polished_deepslate_stairs":56,"minecraft:pufferfish_bucket":1,"minecraft:bone_meal":426,"minecraft:blue_shulker_box":1,"minecraft:white_carpet":6,"minecraft:stone_stairs":232,"minecraft:cherry_trapdoor":88,"minecraft:diamond":9,"minecraft:polished_diorite":60,"minecraft:spruce_slab":18,"minecraft:ender_pearl":20,"minecraft:stone_pickaxe":40,"minecraft:diamond_boots":1,"minecraft:spruce_boat":4,"minecraft:spruce_sapling":2,"minecraft:chainmail_leggings":29,"minecraft:enchanted_book":8,"minecraft:beetroot_seeds":1,"minecraft:golden_apple":1,"minecraft:chainmail_boots":16,"minecraft:fermented_spider_eye":1,"minecraft:iron_shovel":5,"minecraft:iron_leggings":1,"minecraft:white_bed":13,"minecraft:grindstone":1,"minecraft:oak_planks":808,"minecraft:cobblestone_slab":1080,"minecraft:cherry_slab":229,"minecraft:cherry_boat":10,"minecraft:stone":37,"minecraft:heavy_weighted_pressure_plate":3,"minecraft:suspicious_stew":7,"minecraft:hopper":53,"minecraft:bow":2,"minecraft:iron_boots":1,"minecraft:chest":112,"minecraft:stone_hoe":20,"minecraft:ender_eye":4,"minecraft:cherry_fence":69,"minecraft:polished_diorite_slab":18,"minecraft:oak_slab":48,"minecraft:arrow":16,"minecraft:crafting_table":42,"minecraft:spruce_planks":228,"minecraft:iron_helmet":9,"minecraft:birch_planks":248,"minecraft:apple":48,"minecraft:spruce_trapdoor":2,"minecraft:paper":150,"minecraft:diamond_pickaxe":1,"minecraft:emerald_block":17,"minecraft:shield":2,"minecraft:stick":1068,"minecraft:iron_ingot":2120,"minecraft:black_bed":1,"minecraft:redstone_torch":16,"minecraft:shears":8,"minecraft:cherry_planks":2664,"minecraft:cookie":144,"minecraft:redstone":46,"minecraft:furnace":24,"minecraft:blast_furnace":1,"minecraft:piston":34,"minecraft:oak_trapdoor":2,"minecraft:flint_and_steel":3,"minecraft:polished_deepslate":48,"minecraft:iron_axe":3,"minecraft:iron_hoe":3,"minecraft:birch_sign":3,"minecraft:observer":16,"minecraft:minecart":20,"minecraft:cherry_fence_gate":105,"minecraft:cooked_beef":23,"minecraft:sugar":6,"minecraft:red_dye":1,"minecraft:brown_mushroom":3,"minecraft:powered_rail":6,"minecraft:bell":1,"minecraft:bucket":25,"minecraft:stone_axe":21,"minecraft:bread":155,"minecraft:air":0,"minecraft:blue_dye":1,"minecraft:oak_boat":6,"minecraft:white_wool":4,"minecraft:gold_nugget":99,"minecraft:anvil":5,"minecraft:torch":20,"minecraft:diamond_chestplate":1,"minecraft:firework_rocket":93}},"DataVersion":3955}