{"stats":{"minecraft:dropped":{"minecraft:piston":40,"minecraft:porkchop":11,"minecraft:lapis_lazuli":36,"minecraft:cooked_beef":71,"minecraft:chorus_fruit":5,"minecraft:glass_bottle":2,"minecraft:diamond":64,"minecraft:crafting_table":2,"minecraft:crossbow":28,"minecraft:cookie":324,"minecraft:fletching_table":1,"minecraft:cracked_stone_bricks":2,"minecraft:purpur_stairs":2,"minecraft:elytra":5,"minecraft:rail":36,"minecraft:emerald":251,"minecraft:dirt":1664,"minecraft:cherry_leaves":406,"minecraft:cherry_button":3,"minecraft:bone_meal":10,"minecraft:sand":70,"minecraft:iron_pickaxe":1,"minecraft:sugar":4,"minecraft:cherry_door":3,"minecraft:white_wool":5,"minecraft:bone":25,"minecraft:oak_door":1,"minecraft:stone_axe":46,"minecraft:cherry_boat":2,"minecraft:emerald_block":4,"minecraft:sugar_cane":64,"minecraft:lever":1,"minecraft:golden_chestplate":3,"minecraft:cobbled_deepslate":101,"minecraft:wheat":2,"minecraft:obsidian":31,"minecraft:rotten_flesh":100,"minecraft:oak_planks":73,"minecraft:end_stone":21,"minecraft:blaze_powder":10,"minecraft:azure_bluet":2,"minecraft:white_bed":11,"minecraft:heavy_weighted_pressure_plate":3,"minecraft:cod_bucket":1,"minecraft:hopper":8,"minecraft:leather_boots":3,"minecraft:ladder":13,"minecraft:leather_leggings":1,"minecraft:spruce_slab":3,"minecraft:end_stone_bricks":7,"minecraft:glass":1,"minecraft:beef":2,"minecraft:podzol":1,"minecraft:cherry_fence":3,"minecraft:enchanted_book":15,"minecraft:iron_ingot":4345,"minecraft:golden_boots":2,"minecraft:wheat_seeds":175,"minecraft:clock":4,"minecraft:oak_fence":2,"minecraft:purpur_slab":3,"minecraft:book":13,"minecraft:iron_helmet":19,"minecraft:cobblestone":510,"minecraft:apple":72,"minecraft:granite":79,"minecraft:coal":172,"minecraft:chainmail_helmet":1,"minecraft:golden_apple":4,"minecraft:end_rod":1,"minecraft:oxeye_daisy":4,"minecraft:lava_bucket":11,"minecraft:gray_wool":3,"minecraft:golden_carrot":216,"minecraft:cherry_planks":47,"minecraft:diamond_helmet":2,"minecraft:pufferfish_bucket":1,"minecraft:oak_stairs":1,"minecraft:golden_hoe":1,"minecraft:red_dye":3,"minecraft:chipped_anvil":1,"minecraft:smooth_stone":1,"minecraft:chainmail_leggings":57,"minecraft:paper":53,"minecraft:string":380,"minecraft:spruce_sapling":7,"minecraft:furnace":1,"minecraft:zombie_spawn_egg":1,"minecraft:soul_soil":1,"minecraft:polished_diorite_slab":11,"minecraft:bowl":8,"minecraft:stone_shovel":42,"minecraft:white_carpet":11,"minecraft:iron_boots":3,"minecraft:stone_slab":10,"minecraft:cherry_slab":31,"minecraft:name_tag":3,"minecraft:shears":2,"minecraft:suspicious_stew":15,"minecraft:diamond_sword":2,"minecraft:potato":8,"minecraft:cobblestone_slab":448,"minecraft:stone":460,"minecraft:peony":2,"minecraft:spruce_trapdoor":3,"minecraft:spruce_planks":2,"minecraft:diamond_pickaxe":7,"minecraft:redstone_torch":35,"minecraft:spider_eye":1,"minecraft:stone_bricks":1,"minecraft:sandstone":4,"minecraft:bow":58,"minecraft:guster_pottery_sherd":1,"minecraft:spruce_sign":2,"minecraft:soul_sand":1,"minecraft:moss_block":4,"minecraft:diamond_axe":9,"minecraft:oak_log":7,"minecraft:golden_pickaxe":1,"minecraft:ender_pearl":12,"minecraft:leather":1,"minecraft:iron_horse_armor":2,"minecraft:cod":1,"minecraft:cobblestone_stairs":1,"minecraft:flint":2,"minecraft:dispenser":3,"minecraft:cherry_trapdoor":4,"minecraft:mutton":2,"minecraft:snowball":10,"minecraft:pumpkin_pie":96,"minecraft:birch_log":23,"minecraft:gold_ingot":64,"minecraft:gravel":43,"minecraft:purpur_block":60,"minecraft:spyglass":2,"minecraft:cherry_sapling":5,"minecraft:diamond_shovel":5,"minecraft:stone_stairs":1,"minecraft:carrot":401,"minecraft:chainmail_chestplate":10,"minecraft:shulker_shell":1,"minecraft:poppy":4466,"minecraft:leather_chestplate":2,"minecraft:gunpowder":125,"minecraft:beetroot_seeds":1,"minecraft:chest":5,"minecraft:chainmail_boots":44,"minecraft:iron_bars":6,"minecraft:spire_armor_trim_smithing_template":1,"minecraft:arrow":106,"minecraft:powered_rail":7,"minecraft:netherrack":62,"minecraft:quartz":98,"minecraft:oak_leaves":4,"minecraft:splash_potion":1,"minecraft:firework_rocket":174,"minecraft:stone_hoe":39,"minecraft:water_bucket":2,"minecraft:bread":215,"minecraft:oak_slab":7,"minecraft:cherry_log":42,"minecraft:lilac":4,"minecraft:mossy_cobblestone":5,"minecraft:smithing_table":11,"minecraft:minecart":43,"minecraft:bookshelf":1,"minecraft:diamond_leggings":2,"minecraft:spruce_stairs":1,"minecraft:grass_block":15,"minecraft:stick":70,"minecraft:cherry_fence_gate":1,"minecraft:cherry_sign":5,"minecraft:iron_block":287,"minecraft:diorite":17,"minecraft:torch":20,"minecraft:light_gray_shulker_box":1,"minecraft:iron_leggings":13,"minecraft:iron_axe":4,"minecraft:bucket":7,"minecraft:dandelion":20,"minecraft:redstone":73,"minecraft:polished_diorite":1,"minecraft:kelp":3,"minecraft:oak_trapdoor":5,"minecraft:flow_pottery_sherd":2,"minecraft:raw_copper":42,"minecraft:tuff":10,"minecraft:raw_iron":19,"minecraft:dead_bubble_coral_block":8,"minecraft:iron_hoe":1,"minecraft:villager_spawn_egg":2,"minecraft:smoker":1,"minecraft:stripped_oak_log":3,"minecraft:shulker_box":11,"minecraft:shield":1,"minecraft:diamond_chestplate":2,"minecraft:iron_chestplate":3,"minecraft:andesite":305,"minecraft:mossy_stone_bricks":2,"minecraft:golden_leggings":1,"minecraft:oak_sapling":7,"minecraft:diamond_boots":3,"minecraft:spruce_log":64,"minecraft:stone_pickaxe":69,"minecraft:wooden_pickaxe":1},"minecraft:killed":{"minecraft:shulker":26,"minecraft:skeleton":22,"minecraft:cat":7,"minecraft:salmon":2,"minecraft:iron_golem":34,"minecraft:ender_dragon":1,"minecraft:zombie":105,"minecraft:cow":1,"minecraft:endermite":1,"minecraft:horse":1,"minecraft:wandering_trader":3,"minecraft:enderman":39,"minecraft:witch":1,"minecraft:spider":24,"minecraft:piglin":2,"minecraft:pig":2,"minecraft:zombie_villager":7,"minecraft:creeper":32,"minecraft:sheep":2,"minecraft:trader_llama":1,"minecraft:ghast":2,"minecraft:blaze":4,"minecraft:bogged":2,"minecraft:drowned":1,"minecraft:villager":11},"minecraft:crafted":{"minecraft:smooth_stone":5,"minecraft:oak_sign":12,"minecraft:cherry_wood":64,"minecraft:cactus":8,"minecraft:blaze_powder":16,"minecraft:birch_boat":7,"minecraft:birch_slab":18,"minecraft:diamond_shovel":5,"minecraft:bookshelf":43,"minecraft:shulker_box":8,"minecraft:iron_bars":16,"minecraft:glass":668,"minecraft:diamond_helmet":3,"minecraft:repeater":28,"minecraft:diamond_leggings":2,"minecraft:bubble_coral_block":2,"minecraft:name_tag":4,"minecraft:glass_bottle":12,"minecraft:emerald":3262,"minecraft:cooked_porkchop":4,"minecraft:soul_campfire":15,"minecraft:diamond_axe":6,"minecraft:spruce_door":6,"minecraft:smithing_table":38,"minecraft:clock":7,"minecraft:fletching_table":12,"minecraft:campfire":9,"minecraft:tropical_fish_bucket":1,"minecraft:lectern":10,"minecraft:cherry_sign":33,"minecraft:stone_slab":6,"minecraft:iron_pickaxe":5,"minecraft:iron_block":1180,"minecraft:gold_ingot":31,"minecraft:sandstone":11,"minecraft:light_gray_dye":2,"minecraft:composter":2,"minecraft:golden_carrot":540,"minecraft:stone_shovel":20,"minecraft:jukebox":1,"minecraft:orange_shulker_box":1,"minecraft:polished_deepslate_stairs":56,"minecraft:pufferfish_bucket":1,"minecraft:bone_meal":426,"minecraft:blue_shulker_box":1,"minecraft:white_carpet":6,"minecraft:stone_stairs":236,"minecraft:cherry_trapdoor":112,"minecraft:lantern":12,"minecraft:diamond":9,"minecraft:light_gray_shulker_box":1,"minecraft:polished_diorite":100,"minecraft:spruce_slab":18,"minecraft:red_shulker_box":1,"minecraft:ender_pearl":29,"minecraft:stone_pickaxe":40,"minecraft:diamond_boots":2,"minecraft:spruce_boat":4,"minecraft:spruce_sapling":2,"minecraft:chainmail_leggings":29,"minecraft:crossbow":27,"minecraft:enchanted_book":38,"minecraft:orange_dye":2,"minecraft:beetroot_seeds":1,"minecraft:golden_apple":1,"minecraft:chainmail_boots":16,"minecraft:fermented_spider_eye":1,"minecraft:iron_shovel":6,"minecraft:iron_leggings":1,"minecraft:white_bed":31,"minecraft:grindstone":1,"minecraft:oak_planks":808,"minecraft:cobblestone_slab":1794,"minecraft:cherry_slab":981,"minecraft:cherry_boat":19,"minecraft:stone":103,"minecraft:heavy_weighted_pressure_plate":3,"minecraft:suspicious_stew":22,"minecraft:hopper":57,"minecraft:bow":43,"minecraft:iron_boots":1,"minecraft:comparator":1,"minecraft:chest":130,"minecraft:rail":144,"minecraft:stone_hoe":32,"minecraft:ender_eye":4,"minecraft:cherry_fence":69,"minecraft:polished_diorite_slab":144,"minecraft:oak_slab":66,"minecraft:arrow":16,"minecraft:crafting_table":58,"minecraft:spruce_planks":228,"minecraft:iron_helmet":9,"minecraft:cherry_button":1,"minecraft:birch_planks":248,"minecraft:dispenser":26,"minecraft:apple":58,"minecraft:spruce_trapdoor":2,"minecraft:paper":342,"minecraft:yellow_dye":6,"minecraft:diamond_pickaxe":2,"minecraft:emerald_block":40,"minecraft:purple_dye":2,"minecraft:shield":2,"minecraft:stick":1296,"minecraft:iron_ingot":7526,"minecraft:black_bed":1,"minecraft:redstone_torch":117,"minecraft:shears":9,"minecraft:cherry_planks":3576,"minecraft:cookie":160,"minecraft:redstone":190,"minecraft:furnace":34,"minecraft:blast_furnace":1,"minecraft:piston":34,"minecraft:oak_trapdoor":2,"minecraft:flint_and_steel":3,"minecraft:yellow_shulker_box":1,"minecraft:polished_deepslate":48,"minecraft:iron_axe":4,"minecraft:iron_hoe":3,"minecraft:birch_sign":3,"minecraft:observer":31,"minecraft:minecart":29,"minecraft:cherry_fence_gate":105,"minecraft:cooked_beef":23,"minecraft:sugar":7,"minecraft:red_dye":9,"minecraft:crimson_planks":12,"minecraft:diamond_sword":1,"minecraft:iron_trapdoor":1,"minecraft:brown_mushroom":3,"minecraft:powered_rail":36,"minecraft:purple_shulker_box":1,"minecraft:bell":2,"minecraft:bucket":27,"minecraft:stone_axe":21,"minecraft:bread":215,"minecraft:air":0,"minecraft:blue_dye":2,"minecraft:oak_boat":6,"minecraft:white_wool":114,"minecraft:gold_nugget":99,"minecraft:anvil":6,"minecraft:pumpkin_pie":12,"minecraft:torch":92,"minecraft:granite_slab":18,"minecraft:diamond_chestplate":1,"minecraft:firework_rocket":798},"minecraft:killed_by":{"minecraft:zombie_villager":2,"minecraft:zombie":8,"minecraft:creeper":5,"minecraft:piglin":1,"minecraft:player":7,"minecraft:spider":1,"minecraft:enderman":3,"minecraft:iron_golem":6,"minecraft:skeleton":9},"minecraft:picked_up":{"minecraft:iron_chestplate":15,"minecraft:suspicious_stew":1,"minecraft:chainmail_boots":19,"minecraft:flower_pot":1,"minecraft:anvil":8,"minecraft:lead":13,"minecraft:smithing_table":287,"minecraft:stone_slab":5,"minecraft:diamond_sword":5,"minecraft:oak_stairs":3,"minecraft:enchanted_book":53,"minecraft:purple_shulker_box":10,"minecraft:brewing_stand":3,"minecraft:polished_deepslate":497,"minecraft:string":867,"minecraft:soul_soil":12,"minecraft:cherry_boat":31,"minecraft:diamond_leggings":26,"minecraft:cobbled_deepslate":929,"minecraft:spruce_planks":111,"minecraft:trial_key":1,"minecraft:golden_helmet":1,"minecraft:composter":2,"minecraft:purpur_pillar":69,"minecraft:cherry_log":1565,"minecraft:golden_chestplate":2,"minecraft:iron_block":215,"minecraft:end_rod":16,"minecraft:white_terracotta":116,"minecraft:blaze_rod":4,"minecraft:iron_bars":8,"minecraft:snowball":26,"minecraft:birch_log":171,"minecraft:magma_block":11,"minecraft:polished_diorite_slab":110,"minecraft:cooked_beef":573,"minecraft:cherry_leaves":1377,"minecraft:water_bucket":53,"minecraft:smoker":3,"minecraft:flint":33,"minecraft:cherry_fence":71,"minecraft:cherry_door":2,"minecraft:lantern":2,"minecraft:stonecutter":10,"minecraft:diamond_helmet":24,"minecraft:iron_hoe":1,"minecraft:dispenser":17,"minecraft:lever":5,"minecraft:granite":221,"minecraft:bread":273,"minecraft:cherry_slab":494,"minecraft:diamond_pickaxe":45,"minecraft:spruce_leaves":103,"minecraft:crafting_table":92,"minecraft:stripped_cherry_log":2,"minecraft:dragon_head":5,"minecraft:purpur_block":41,"minecraft:heavy_weighted_pressure_plate":3,"minecraft:cornflower":7,"minecraft:elytra":32,"minecraft:flint_and_steel":3,"minecraft:white_carpet":37,"minecraft:iron_shovel":9,"minecraft:cracked_stone_bricks":2,"minecraft:beef":2,"minecraft:poppy":4288,"minecraft:spruce_slab":4,"minecraft:minecart":117,"minecraft:guster_pottery_sherd":1,"minecraft:chest":73,"minecraft:birch_sapling":8,"minecraft:cherry_button":2,"minecraft:piston":50,"minecraft:copper_ore":16,"minecraft:egg":1,"minecraft:sandstone":3,"minecraft:stone":1426,"minecraft:oak_door":4,"minecraft:flow_pottery_sherd":2,"minecraft:carrot":804,"minecraft:music_disc_creator_music_box":1,"minecraft:redstone":343,"minecraft:netherite_pickaxe":20,"minecraft:diamond_chestplate":11,"minecraft:stone_shovel":16,"minecraft:peony":32,"minecraft:deepslate_bricks":3,"minecraft:shears":21,"minecraft:diamond_boots":34,"minecraft:purpur_slab":24,"minecraft:gold_ingot":649,"minecraft:mutton":2,"minecraft:white_wool":137,"minecraft:rail":326,"minecraft:bone_block":34,"minecraft:oxeye_daisy":6,"minecraft:stripped_oak_log":61,"minecraft:yellow_shulker_box":8,"minecraft:clock":2,"minecraft:red_mushroom":5,"minecraft:purpur_stairs":18,"minecraft:oak_log":387,"minecraft:golden_boots":1,"minecraft:paper":299,"minecraft:stone_bricks":2,"minecraft:apple":9,"minecraft:kelp":325,"minecraft:pufferfish_bucket":1,"minecraft:stone_pickaxe":29,"minecraft:iron_ore":12,"minecraft:cherry_sign":45,"minecraft:glass_bottle":1,"minecraft:iron_sword":12,"minecraft:sweet_berries":24,"minecraft:spyglass":2,"minecraft:gravel":124,"minecraft:spruce_sapling":14,"minecraft:spruce_log":283,"minecraft:crying_obsidian":1,"minecraft:firework_rocket":490,"minecraft:diamond_shovel":51,"minecraft:coal_ore":55,"minecraft:stone_axe":27,"minecraft:polished_diorite":52,"minecraft:diamond_axe":48,"minecraft:birch_sign":7,"minecraft:gray_wool":4,"minecraft:baked_potato":3,"minecraft:hopper":41,"minecraft:ender_pearl":100,"minecraft:shulker_shell":36,"minecraft:wheat":26,"minecraft:light_gray_shulker_box":1,"minecraft:potion":4,"minecraft:crimson_planks":8,"minecraft:cod_bucket":5,"minecraft:raw_copper":57,"minecraft:iron_leggings":13,"minecraft:oak_sign":13,"minecraft:activator_rail":11,"minecraft:smooth_stone":2,"minecraft:comparator":2,"minecraft:bucket":71,"minecraft:eye_armor_trim_smithing_template":2,"minecraft:red_dye":2,"minecraft:redstone_torch":112,"minecraft:cobblestone_slab":1867,"minecraft:ender_eye":18,"minecraft:iron_pickaxe":16,"minecraft:iron_boots":8,"minecraft:furnace":16,"minecraft:tipped_arrow":3,"minecraft:stick":837,"minecraft:orange_shulker_box":15,"minecraft:polished_deepslate_stairs":23,"minecraft:oak_fence":13,"minecraft:torch":177,"minecraft:spruce_stairs":10,"minecraft:porkchop":13,"minecraft:villager_spawn_egg":2,"minecraft:diorite":242,"minecraft:rotten_flesh":430,"minecraft:obsidian":92,"minecraft:cod":1,"minecraft:blaze_powder":11,"minecraft:cobblestone":4874,"minecraft:pink_petals":3,"minecraft:leather_chestplate":2,"minecraft:lilac":25,"minecraft:repeater":18,"minecraft:cherry_planks":1107,"minecraft:andesite":463,"minecraft:black_bed":13,"minecraft:golden_leggings":1,"minecraft:potato":27,"minecraft:tuff":16,"minecraft:dirt":17503,"minecraft:stripped_birch_log":4,"minecraft:lapis_lazuli":198,"minecraft:name_tag":3,"minecraft:leather_boots":3,"minecraft:glass":517,"minecraft:bone":45,"minecraft:bow":44,"minecraft:wheat_seeds":263,"minecraft:raw_gold":116,"minecraft:bell":79,"minecraft:grindstone":2,"minecraft:mossy_stone_bricks":2,"minecraft:fletching_table":41,"minecraft:scrape_pottery_sherd":2,"minecraft:powered_rail":110,"minecraft:oak_planks":751,"minecraft:stone_hoe":1,"minecraft:sand":1065,"minecraft:grass_block":1033,"minecraft:diamond_block":1,"minecraft:shulker_box":51,"minecraft:sugar":2,"minecraft:diamond":74,"minecraft:spruce_boat":2,"minecraft:cherry_wood":10,"minecraft:crossbow":1,"minecraft:bone_meal":10,"minecraft:golden_apple":14,"minecraft:spruce_sign":2,"minecraft:emerald":698,"minecraft:chorus_fruit":14,"minecraft:oak_sapling":71,"minecraft:netherrack":1036,"minecraft:bubble_coral_block":4,"minecraft:oak_leaves":17,"minecraft:end_stone_bricks":30,"minecraft:charcoal":36,"minecraft:azure_bluet":9,"minecraft:splash_potion":8,"minecraft:ladder":47,"minecraft:brown_mushroom":6,"minecraft:wooden_pickaxe":1,"minecraft:gold_block":6,"minecraft:shield":14,"minecraft:brick":29,"minecraft:oak_trapdoor":11,"minecraft:stone_stairs":23,"minecraft:iron_axe":9,"minecraft:spire_armor_trim_smithing_template":1,"minecraft:oak_boat":17,"minecraft:observer":22,"minecraft:lectern":555,"minecraft:blue_shulker_box":118,"minecraft:sugar_cane":815,"minecraft:spruce_trapdoor":1,"minecraft:cherry_trapdoor":73,"minecraft:raw_iron":204,"minecraft:end_stone":77,"minecraft:cherry_stairs":16,"minecraft:bowl":2,"minecraft:cookie":36,"minecraft:iron_horse_armor":2,"minecraft:cherry_fence_gate":33,"minecraft:arrow":165,"minecraft:red_shulker_box":9,"minecraft:pumpkin_pie":48,"minecraft:nether_bricks":2,"minecraft:golden_carrot":670,"minecraft:crimson_stem":3,"minecraft:leather":54,"minecraft:birch_planks":299,"minecraft:yellow_bed":151,"minecraft:gunpowder":383,"minecraft:cooked_mutton":13,"minecraft:podzol":2,"minecraft:iron_ingot":6206,"minecraft:soul_sand":485,"minecraft:book":124,"minecraft:oak_slab":29,"minecraft:scaffolding":16,"minecraft:emerald_block":7,"minecraft:birch_boat":4,"minecraft:quartz":322,"minecraft:dandelion":70,"minecraft:lava_bucket":51,"minecraft:blast_furnace":26,"minecraft:white_bed":139,"minecraft:spider_eye":21,"minecraft:spruce_door":2,"minecraft:chainmail_leggings":28,"minecraft:dead_bubble_coral_block":14,"minecraft:iron_helmet":16,"minecraft:cherry_sapling":236,"minecraft:black_wool":4,"minecraft:coal":835},"minecraft:broken":{"minecraft:golden_boots":1,"minecraft:diamond_helmet":1,"minecraft:shears":3,"minecraft:iron_axe":1,"minecraft:iron_pickaxe":3,"minecraft:iron_helmet":1,"minecraft:golden_helmet":1,"minecraft:iron_shovel":2},"minecraft:used":{"minecraft:peony":14,"minecraft:dispenser":40,"minecraft:spruce_slab":13,"minecraft:poppy":551,"minecraft:elytra":16,"minecraft:ladder":8,"minecraft:chest":77,"minecraft:stone":261,"minecraft:soul_sand":9,"minecraft:spruce_boat":5,"minecraft:lava_bucket":159,"minecraft:villager_spawn_egg":24,"minecraft:grass_block":399,"minecraft:birch_sapling":5,"minecraft:orange_shulker_box":15,"minecraft:cherry_leaves":116,"minecraft:bow":130,"minecraft:oak_sapling":22,"minecraft:furnace":36,"minecraft:egg":1,"minecraft:potato":5,"minecraft:dragon_head":3,"minecraft:diorite":11,"minecraft:end_stone_bricks":5,"minecraft:spruce_door":8,"minecraft:powered_rail":79,"minecraft:cactus":1,"minecraft:composter":4,"minecraft:purpur_pillar":24,"minecraft:purpur_stairs":5,"minecraft:sand":41,"minecraft:blast_furnace":12,"minecraft:birch_slab":17,"minecraft:lectern":558,"minecraft:cherry_sign":55,"minecraft:lilac":21,"minecraft:diamond_sword":236,"minecraft:smithing_table":249,"minecraft:bubble_coral_block":2,"minecraft:birch_log":15,"minecraft:oak_boat":13,"minecraft:oak_trapdoor":2,"minecraft:iron_bars":17,"minecraft:netherrack":586,"minecraft:torch":159,"minecraft:light_gray_shulker_box":1,"minecraft:brewing_stand":2,"minecraft:anvil":14,"minecraft:stone_stairs":240,"minecraft:cod_bucket":1,"minecraft:polished_diorite":24,"minecraft:red_shulker_box":7,"minecraft:chipped_anvil":2,"minecraft:iron_block":7,"minecraft:iron_axe":787,"minecraft:cherry_slab":890,"minecraft:cherry_fence_gate":137,"minecraft:diamond_chestplate":7,"minecraft:iron_trapdoor":1,"minecraft:podzol":1,"minecraft:observer":49,"minecraft:cobbled_deepslate":214,"minecraft:cherry_fence":109,"minecraft:cherry_log":126,"minecraft:water_bucket":583,"minecraft:birch_planks":141,"minecraft:yellow_shulker_box":9,"minecraft:cherry_planks":659,"minecraft:fletching_table":30,"minecraft:rail":376,"minecraft:comparator":3,"minecraft:oak_slab":52,"minecraft:crafting_table":120,"minecraft:birch_sign":8,"minecraft:white_bed":153,"minecraft:campfire":9,"minecraft:spruce_log":22,"minecraft:oak_log":18,"minecraft:ender_eye":22,"minecraft:diamond_pickaxe":2843,"minecraft:cornflower":6,"minecraft:diamond_shovel":15369,"minecraft:suspicious_stew":8,"minecraft:iron_pickaxe":698,"minecraft:spruce_trapdoor":15,"minecraft:spruce_sapling":6,"minecraft:cobblestone":3256,"minecraft:potion":6,"minecraft:cooked_porkchop":6,"minecraft:stripped_oak_log":6,"minecraft:kelp":11,"minecraft:dandelion":8,"minecraft:jukebox":1,"minecraft:diamond_leggings":4,"minecraft:cherry_sapling":71,"minecraft:iron_shovel":1047,"minecraft:polished_deepslate":335,"minecraft:oak_sign":13,"minecraft:shield":7,"minecraft:purple_shulker_box":8,"minecraft:iron_sword":248,"minecraft:zombie_spawn_egg":19,"minecraft:bell":72,"minecraft:iron_chestplate":5,"minecraft:spruce_leaves":103,"minecraft:soul_campfire":15,"minecraft:carrot":170,"minecraft:obsidian":5,"minecraft:polished_deepslate_stairs":67,"minecraft:glass":918,"minecraft:coal_ore":19,"minecraft:lantern":14,"minecraft:iron_helmet":1,"minecraft:repeater":34,"minecraft:magma_block":1,"minecraft:blue_shulker_box":104,"minecraft:end_rod":1,"minecraft:diamond_boots":5,"minecraft:stone_pickaxe":2,"minecraft:oak_planks":392,"minecraft:polished_diorite_slab":119,"minecraft:ender_pearl":80,"minecraft:sandstone":10,"minecraft:diamond_axe":5188,"minecraft:sugar_cane":116,"minecraft:black_bed":13,"minecraft:end_stone":6,"minecraft:shears":1677,"minecraft:redstone_torch":65,"minecraft:lever":1,"minecraft:firework_rocket":636,"minecraft:heavy_weighted_pressure_plate":3,"minecraft:bread":91,"minecraft:gravel":54,"minecraft:pufferfish_bucket":3,"minecraft:chainmail_boots":1,"minecraft:grindstone":2,"minecraft:andesite":3,"minecraft:stripped_cherry_log":1,"minecraft:tropical_fish_bucket":1,"minecraft:bone_meal":261,"minecraft:cherry_boat":35,"minecraft:oak_fence":4,"minecraft:purpur_block":17,"minecraft:cherry_wood":35,"minecraft:flint_and_steel":54,"minecraft:redstone":34,"minecraft:spruce_planks":11,"minecraft:dirt":9715,"minecraft:spyglass":7,"minecraft:white_carpet":98,"minecraft:hopper":78,"minecraft:diamond_helmet":5,"minecraft:shulker_box":38,"minecraft:golden_chestplate":1,"minecraft:granite":21,"minecraft:iron_hoe":90,"minecraft:bookshelf":28,"minecraft:oak_stairs":1,"minecraft:cherry_trapdoor":108,"minecraft:crimson_planks":8,"minecraft:golden_carrot":417,"minecraft:emerald_block":2,"minecraft:minecart":33,"minecraft:netherite_pickaxe":5080,"minecraft:cooked_beef":87,"minecraft:iron_leggings":2,"minecraft:cooked_mutton":1,"minecraft:glass_bottle":11,"minecraft:baked_potato":1,"minecraft:birch_boat":10,"minecraft:stonecutter":4,"minecraft:cobblestone_slab":2120,"minecraft:piston":24,"minecraft:apple":23,"minecraft:stone_axe":67,"minecraft:bucket":751,"minecraft:yellow_bed":121,"minecraft:splash_potion":2},"minecraft:custom":{"minecraft:interact_with_crafting_table":573,"minecraft:bell_ring":475,"minecraft:leave_game":26,"minecraft:time_since_death":25567,"minecraft:damage_blocked_by_shield":675,"minecraft:play_time":3790985,"minecraft:deaths":70,"minecraft:jump":40792,"minecraft:interact_with_furnace":264,"minecraft:play_record":1,"minecraft:traded_with_villager":3779,"minecraft:sleep_in_bed":142,"minecraft:damage_dealt":94765,"minecraft:interact_with_smoker":8,"minecraft:inspect_dispenser":91,"minecraft:horse_one_cm":101749,"minecraft:interact_with_smithing_table":35,"minecraft:interact_with_anvil":82,"minecraft:inspect_hopper":82,"minecraft:sneak_time":344684,"minecraft:interact_with_blast_furnace":10,"minecraft:total_world_time":3790985,"minecraft:interact_with_stonecutter":4,"minecraft:time_since_rest":8089,"minecraft:swim_one_cm":672728,"minecraft:fly_one_cm":8434416,"minecraft:open_chest":2981,"minecraft:fall_one_cm":953061,"minecraft:open_shulker_box":385,"minecraft:sprint_one_cm":7195060,"minecraft:drop":1991,"minecraft:talked_to_villager":2467,"minecraft:interact_with_brewingstand":18,"minecraft:walk_on_water_one_cm":688588,"minecraft:open_enderchest":1,"minecraft:player_kills":5,"minecraft:crouch_one_cm":1247889,"minecraft:mob_kills":365,"minecraft:climb_one_cm":21849,"minecraft:walk_one_cm":4460983,"minecraft:walk_under_water_one_cm":428811,"minecraft:boat_one_cm":4512848,"minecraft:interact_with_grindstone":2,"minecraft:damage_taken":65268,"minecraft:minecart_one_cm":0,"minecraft:aviate_one_cm":13163796},"minecraft:mined":{"minecraft:dragon_wall_head":2,"minecraft:red_shulker_box":7,"minecraft:white_bed":115,"minecraft:cherry_log":1154,"minecraft:obsidian":11,"minecraft:granite":106,"minecraft:deepslate_bricks":4,"minecraft:purpur_slab":9,"minecraft:hopper":39,"minecraft:oak_wall_sign":11,"minecraft:oxeye_daisy":2,"minecraft:tall_seagrass":2,"minecraft:magma_block":4,"minecraft:cobbled_deepslate":43,"minecraft:fire":9,"minecraft:fletching_table":32,"minecraft:dirt_path":300,"minecraft:oak_stairs":30,"minecraft:iron_block":7,"minecraft:kelp_plant":26,"minecraft:smoker":2,"minecraft:crimson_nylium":2,"minecraft:soul_fire":1,"minecraft:powder_snow":3,"minecraft:torch":14,"minecraft:blast_furnace":20,"minecraft:polished_diorite_slab":47,"minecraft:glass":553,"minecraft:sugar_cane":168,"minecraft:cherry_slab":174,"minecraft:birch_sapling":1,"minecraft:white_terracotta":31,"minecraft:cherry_fence":54,"minecraft:repeater":8,"minecraft:wheat":5,"minecraft:lilac":12,"minecraft:black_bed":12,"minecraft:blue_shulker_box":104,"minecraft:stonecutter":7,"minecraft:piston":10,"minecraft:deepslate":321,"minecraft:suspicious_gravel":1,"minecraft:cherry_sapling":2,"minecraft:stripped_birch_log":1,"minecraft:end_stone":25,"minecraft:shulker_box":40,"minecraft:nether_bricks":5,"minecraft:orange_shulker_box":14,"minecraft:redstone_wire":14,"minecraft:cherry_wood":10,"minecraft:kelp":13,"minecraft:red_mushroom":5,"minecraft:cherry_wall_sign":17,"minecraft:redstone_ore":5,"minecraft:snow":3,"minecraft:andesite":202,"minecraft:diamond_block":1,"minecraft:potatoes":1,"minecraft:cobblestone_slab":1086,"minecraft:rail":172,"minecraft:cherry_fence_gate":33,"minecraft:bone_block":34,"minecraft:ender_chest":1,"minecraft:smithing_table":232,"minecraft:oak_slab":18,"minecraft:glass_pane":1,"minecraft:cherry_planks":314,"minecraft:comparator":2,"minecraft:soul_sand":47,"minecraft:observer":22,"minecraft:dandelion":19,"minecraft:cornflower":5,"minecraft:short_grass":348,"minecraft:campfire":9,"minecraft:copper_ore":14,"minecraft:purpur_pillar":56,"minecraft:tall_grass":116,"minecraft:deepslate_gold_ore":18,"minecraft:diorite":209,"minecraft:white_carpet":25,"minecraft:spruce_log":63,"minecraft:birch_leaves":2,"minecraft:gravel":129,"minecraft:birch_sign":2,"minecraft:stone_bricks":10,"minecraft:cherry_sign":6,"minecraft:gold_ore":5,"minecraft:spruce_planks":11,"minecraft:farmland":78,"minecraft:brewing_stand":3,"minecraft:cherry_trapdoor":42,"minecraft:grass_block":7649,"minecraft:soul_soil":21,"minecraft:polished_diorite":8,"minecraft:composter":2,"minecraft:iron_ore":43,"minecraft:dragon_head":1,"minecraft:anvil":4,"minecraft:azure_bluet":6,"minecraft:iron_bars":9,"minecraft:birch_wall_sign":3,"minecraft:end_stone_bricks":15,"minecraft:spruce_slab":8,"minecraft:deepslate_redstone_ore":3,"minecraft:polished_deepslate_stairs":15,"minecraft:purpur_stairs":9,"minecraft:poppy":28,"minecraft:chest":30,"minecraft:nether_quartz_ore":93,"minecraft:cobblestone":818,"minecraft:grindstone":2,"minecraft:oak_planks":476,"minecraft:iron_door":3,"minecraft:wall_torch":16,"minecraft:pink_petals":1,"minecraft:seagrass":1,"minecraft:stone_stairs":24,"minecraft:powered_rail":39,"minecraft:birch_log":78,"minecraft:activator_rail":2,"minecraft:cherry_door":2,"minecraft:purpur_block":23,"minecraft:oak_log":240,"minecraft:sand":591,"minecraft:dirt":7450,"minecraft:dispenser":15,"minecraft:netherrack":1165,"minecraft:oak_leaves":92,"minecraft:emerald_block":2,"minecraft:nether_gold_ore":5,"minecraft:tuff":15,"minecraft:deepslate_diamond_ore":14,"minecraft:stripped_cherry_log":2,"minecraft:ladder":18,"minecraft:soul_campfire":15,"minecraft:spruce_leaves":117,"minecraft:sandstone":3,"minecraft:crimson_stem":3,"minecraft:large_fern":1,"minecraft:oak_trapdoor":5,"minecraft:heavy_weighted_pressure_plate":3,"minecraft:furnace":12,"minecraft:carrots":153,"minecraft:light_gray_shulker_box":1,"minecraft:peony":24,"minecraft:gold_block":1,"minecraft:bell":68,"minecraft:polished_deepslate":188,"minecraft:bookshelf":33,"minecraft:deepslate_iron_ore":14,"minecraft:lantern":2,"minecraft:stripped_oak_log":18,"minecraft:chorus_plant":1,"minecraft:stone":2759,"minecraft:cherry_stairs":16,"minecraft:yellow_shulker_box":9,"minecraft:redstone_wall_torch":3,"minecraft:podzol":56,"minecraft:magenta_stained_glass":3,"minecraft:infested_stone_bricks":1,"minecraft:snow_block":11,"minecraft:basalt":4,"minecraft:oak_fence":3,"minecraft:crafting_table":75,"minecraft:lectern":550,"minecraft:lapis_ore":8,"minecraft:spruce_stairs":3,"minecraft:birch_planks":56,"minecraft:redstone_torch":26,"minecraft:sweet_berry_bush":5,"minecraft:yellow_bed":128,"minecraft:coal_ore":87,"minecraft:cherry_leaves":1659,"minecraft:end_rod":12,"minecraft:purple_shulker_box":8,"minecraft:cracked_stone_bricks":8,"minecraft:mossy_stone_bricks":7}},"DataVersion":3955}