{"stats":{"minecraft:killed":{"minecraft:shulker":17,"minecraft:skeleton":21,"minecraft:cat":7,"minecraft:salmon":2,"minecraft:iron_golem":30,"minecraft:ender_dragon":1,"minecraft:zombie":102,"minecraft:cow":1,"minecraft:endermite":1,"minecraft:horse":1,"minecraft:wandering_trader":3,"minecraft:enderman":24,"minecraft:witch":1,"minecraft:spider":23,"minecraft:piglin":2,"minecraft:pig":2,"minecraft:zombie_villager":7,"minecraft:creeper":32,"minecraft:sheep":2,"minecraft:trader_llama":1,"minecraft:ghast":2,"minecraft:blaze":4,"minecraft:bogged":2,"minecraft:drowned":1,"minecraft:villager":11},"minecraft:killed_by":{"minecraft:zombie_villager":2,"minecraft:zombie":8,"minecraft:creeper":3,"minecraft:piglin":1,"minecraft:player":6,"minecraft:spider":1,"minecraft:enderman":3,"minecraft:iron_golem":6,"minecraft:skeleton":9},"minecraft:used":{"minecraft:peony":14,"minecraft:spruce_slab":13,"minecraft:dispenser":40,"minecraft:elytra":10,"minecraft:ladder":8,"minecraft:poppy":551,"minecraft:chest":74,"minecraft:stone":261,"minecraft:soul_sand":9,"minecraft:spruce_boat":5,"minecraft:lava_bucket":159,"minecraft:villager_spawn_egg":24,"minecraft:grass_block":63,"minecraft:birch_sapling":5,"minecraft:cherry_leaves":116,"minecraft:bow":130,"minecraft:oak_sapling":22,"minecraft:furnace":36,"minecraft:egg":1,"minecraft:potato":5,"minecraft:dragon_head":3,"minecraft:diorite":11,"minecraft:end_stone_bricks":5,"minecraft:spruce_door":8,"minecraft:powered_rail":64,"minecraft:cactus":1,"minecraft:composter":4,"minecraft:purpur_pillar":24,"minecraft:purpur_stairs":5,"minecraft:sand":41,"minecraft:blast_furnace":12,"minecraft:birch_slab":17,"minecraft:lectern":248,"minecraft:cherry_sign":54,"minecraft:lilac":21,"minecraft:smithing_table":174,"minecraft:bubble_coral_block":2,"minecraft:birch_log":15,"minecraft:oak_boat":13,"minecraft:oak_trapdoor":2,"minecraft:iron_bars":17,"minecraft:netherrack":279,"minecraft:torch":159,"minecraft:brewing_stand":2,"minecraft:anvil":11,"minecraft:stone_stairs":234,"minecraft:cod_bucket":1,"minecraft:polished_diorite":24,"minecraft:chipped_anvil":2,"minecraft:iron_block":7,"minecraft:iron_axe":787,"minecraft:cherry_slab":890,"minecraft:cherry_fence_gate":137,"minecraft:diamond_chestplate":4,"minecraft:observer":49,"minecraft:cobbled_deepslate":214,"minecraft:cherry_fence":101,"minecraft:cherry_log":126,"minecraft:water_bucket":539,"minecraft:birch_planks":141,"minecraft:cherry_planks":520,"minecraft:fletching_table":30,"minecraft:rail":187,"minecraft:comparator":3,"minecraft:oak_slab":52,"minecraft:crafting_table":107,"minecraft:birch_sign":8,"minecraft:white_bed":130,"minecraft:campfire":9,"minecraft:spruce_log":22,"minecraft:oak_log":18,"minecraft:ender_eye":22,"minecraft:diamond_pickaxe":2787,"minecraft:cornflower":6,"minecraft:diamond_shovel":14277,"minecraft:suspicious_stew":7,"minecraft:iron_pickaxe":698,"minecraft:spruce_trapdoor":15,"minecraft:spruce_sapling":6,"minecraft:cobblestone":3103,"minecraft:potion":6,"minecraft:cooked_porkchop":6,"minecraft:stripped_oak_log":6,"minecraft:kelp":11,"minecraft:dandelion":8,"minecraft:jukebox":1,"minecraft:diamond_leggings":4,"minecraft:cherry_sapling":69,"minecraft:iron_shovel":1047,"minecraft:polished_deepslate":335,"minecraft:oak_sign":13,"minecraft:shield":7,"minecraft:iron_sword":248,"minecraft:zombie_spawn_egg":19,"minecraft:bell":68,"minecraft:iron_chestplate":5,"minecraft:spruce_leaves":103,"minecraft:soul_campfire":15,"minecraft:carrot":170,"minecraft:obsidian":5,"minecraft:polished_deepslate_stairs":67,"minecraft:glass":918,"minecraft:coal_ore":19,"minecraft:iron_helmet":1,"minecraft:repeater":34,"minecraft:magma_block":1,"minecraft:blue_shulker_box":104,"minecraft:end_rod":1,"minecraft:diamond_boots":5,"minecraft:stone_pickaxe":2,"minecraft:oak_planks":392,"minecraft:polished_diorite_slab":83,"minecraft:ender_pearl":57,"minecraft:sandstone":10,"minecraft:diamond_axe":4427,"minecraft:sugar_cane":116,"minecraft:black_bed":13,"minecraft:end_stone":6,"minecraft:shears":1677,"minecraft:redstone_torch":51,"minecraft:lever":1,"minecraft:firework_rocket":378,"minecraft:heavy_weighted_pressure_plate":3,"minecraft:bread":91,"minecraft:gravel":54,"minecraft:pufferfish_bucket":3,"minecraft:chainmail_boots":1,"minecraft:grindstone":2,"minecraft:andesite":3,"minecraft:stripped_cherry_log":1,"minecraft:tropical_fish_bucket":1,"minecraft:bone_meal":261,"minecraft:cherry_boat":24,"minecraft:oak_fence":4,"minecraft:purpur_block":15,"minecraft:cherry_wood":35,"minecraft:flint_and_steel":54,"minecraft:redstone":31,"minecraft:spruce_planks":11,"minecraft:dirt":9565,"minecraft:spyglass":7,"minecraft:white_carpet":98,"minecraft:hopper":78,"minecraft:diamond_helmet":5,"minecraft:shulker_box":34,"minecraft:golden_chestplate":1,"minecraft:granite":21,"minecraft:iron_hoe":90,"minecraft:bookshelf":14,"minecraft:oak_stairs":1,"minecraft:cherry_trapdoor":102,"minecraft:golden_carrot":329,"minecraft:emerald_block":2,"minecraft:minecart":28,"minecraft:netherite_pickaxe":4313,"minecraft:cooked_beef":87,"minecraft:iron_leggings":2,"minecraft:cooked_mutton":1,"minecraft:glass_bottle":11,"minecraft:baked_potato":1,"minecraft:birch_boat":10,"minecraft:stonecutter":4,"minecraft:cobblestone_slab":2005,"minecraft:piston":24,"minecraft:apple":23,"minecraft:stone_axe":67,"minecraft:bucket":705,"minecraft:yellow_bed":118,"minecraft:splash_potion":1},"minecraft:custom":{"minecraft:interact_with_crafting_table":468,"minecraft:bell_ring":462,"minecraft:leave_game":23,"minecraft:time_since_death":26410,"minecraft:damage_blocked_by_shield":675,"minecraft:play_time":2751898,"minecraft:deaths":66,"minecraft:jump":37338,"minecraft:interact_with_furnace":256,"minecraft:play_record":1,"minecraft:traded_with_villager":2413,"minecraft:sleep_in_bed":116,"minecraft:damage_dealt":82220,"minecraft:interact_with_smoker":8,"minecraft:inspect_dispenser":67,"minecraft:horse_one_cm":58756,"minecraft:interact_with_smithing_table":23,"minecraft:interact_with_anvil":49,"minecraft:inspect_hopper":72,"minecraft:sneak_time":316970,"minecraft:interact_with_blast_furnace":9,"minecraft:total_world_time":2751898,"minecraft:interact_with_stonecutter":4,"minecraft:time_since_rest":24746,"minecraft:swim_one_cm":629660,"minecraft:fly_one_cm":7554000,"minecraft:open_chest":2488,"minecraft:fall_one_cm":884845,"minecraft:open_shulker_box":292,"minecraft:sprint_one_cm":6167170,"minecraft:drop":1692,"minecraft:talked_to_villager":1229,"minecraft:interact_with_brewingstand":18,"minecraft:walk_on_water_one_cm":631778,"minecraft:open_enderchest":1,"minecraft:player_kills":5,"minecraft:crouch_one_cm":1151991,"minecraft:mob_kills":316,"minecraft:climb_one_cm":21849,"minecraft:walk_one_cm":3840212,"minecraft:walk_under_water_one_cm":372711,"minecraft:boat_one_cm":1136882,"minecraft:interact_with_grindstone":2,"minecraft:damage_taken":57168,"minecraft:aviate_one_cm":8621291},"minecraft:dropped":{"minecraft:piston":40,"minecraft:porkchop":11,"minecraft:lapis_lazuli":36,"minecraft:cooked_beef":71,"minecraft:chorus_fruit":5,"minecraft:glass_bottle":2,"minecraft:diamond":50,"minecraft:crafting_table":2,"minecraft:cookie":180,"minecraft:fletching_table":1,"minecraft:cracked_stone_bricks":2,"minecraft:purpur_stairs":1,"minecraft:elytra":2,"minecraft:rail":36,"minecraft:emerald":250,"minecraft:dirt":1658,"minecraft:cherry_leaves":406,"minecraft:cherry_button":3,"minecraft:bone_meal":10,"minecraft:sand":70,"minecraft:iron_pickaxe":1,"minecraft:sugar":4,"minecraft:cherry_door":2,"minecraft:white_wool":5,"minecraft:bone":25,"minecraft:oak_door":1,"minecraft:stone_axe":46,"minecraft:cherry_boat":2,"minecraft:emerald_block":4,"minecraft:sugar_cane":64,"minecraft:lever":1,"minecraft:golden_chestplate":3,"minecraft:cobbled_deepslate":101,"minecraft:wheat":2,"minecraft:obsidian":31,"minecraft:rotten_flesh":92,"minecraft:oak_planks":73,"minecraft:end_stone":20,"minecraft:blaze_powder":10,"minecraft:azure_bluet":2,"minecraft:white_bed":3,"minecraft:heavy_weighted_pressure_plate":3,"minecraft:cod_bucket":1,"minecraft:hopper":8,"minecraft:leather_boots":3,"minecraft:ladder":13,"minecraft:leather_leggings":1,"minecraft:spruce_slab":3,"minecraft:end_stone_bricks":7,"minecraft:glass":1,"minecraft:beef":2,"minecraft:podzol":1,"minecraft:cherry_fence":3,"minecraft:enchanted_book":12,"minecraft:iron_ingot":968,"minecraft:golden_boots":2,"minecraft:wheat_seeds":147,"minecraft:clock":4,"minecraft:oak_fence":2,"minecraft:purpur_slab":2,"minecraft:book":12,"minecraft:iron_helmet":19,"minecraft:cobblestone":507,"minecraft:apple":72,"minecraft:granite":75,"minecraft:coal":172,"minecraft:chainmail_helmet":1,"minecraft:golden_apple":4,"minecraft:oxeye_daisy":3,"minecraft:lava_bucket":11,"minecraft:gray_wool":3,"minecraft:golden_carrot":177,"minecraft:cherry_planks":16,"minecraft:diamond_helmet":2,"minecraft:pufferfish_bucket":1,"minecraft:oak_stairs":1,"minecraft:golden_hoe":1,"minecraft:red_dye":3,"minecraft:chipped_anvil":1,"minecraft:smooth_stone":1,"minecraft:chainmail_leggings":57,"minecraft:paper":53,"minecraft:string":10,"minecraft:spruce_sapling":7,"minecraft:furnace":1,"minecraft:zombie_spawn_egg":1,"minecraft:soul_soil":1,"minecraft:polished_diorite_slab":11,"minecraft:bowl":7,"minecraft:stone_shovel":42,"minecraft:white_carpet":11,"minecraft:iron_boots":3,"minecraft:stone_slab":10,"minecraft:cherry_slab":18,"minecraft:name_tag":3,"minecraft:shears":2,"minecraft:suspicious_stew":7,"minecraft:diamond_sword":1,"minecraft:potato":8,"minecraft:cobblestone_slab":438,"minecraft:stone":460,"minecraft:peony":2,"minecraft:spruce_trapdoor":3,"minecraft:spruce_planks":2,"minecraft:diamond_pickaxe":7,"minecraft:redstone_torch":35,"minecraft:stone_bricks":1,"minecraft:sandstone":4,"minecraft:bow":42,"minecraft:guster_pottery_sherd":1,"minecraft:spruce_sign":2,"minecraft:soul_sand":1,"minecraft:moss_block":4,"minecraft:diamond_axe":8,"minecraft:oak_log":7,"minecraft:golden_pickaxe":1,"minecraft:ender_pearl":4,"minecraft:leather":1,"minecraft:iron_horse_armor":2,"minecraft:cod":1,"minecraft:cobblestone_stairs":1,"minecraft:flint":2,"minecraft:dispenser":3,"minecraft:cherry_trapdoor":4,"minecraft:mutton":2,"minecraft:snowball":10,"minecraft:birch_log":23,"minecraft:gold_ingot":64,"minecraft:gravel":43,"minecraft:purpur_block":60,"minecraft:spyglass":2,"minecraft:cherry_sapling":5,"minecraft:diamond_shovel":3,"minecraft:carrot":401,"minecraft:chainmail_chestplate":10,"minecraft:shulker_shell":1,"minecraft:poppy":1963,"minecraft:leather_chestplate":2,"minecraft:gunpowder":60,"minecraft:beetroot_seeds":1,"minecraft:chest":4,"minecraft:chainmail_boots":44,"minecraft:iron_bars":6,"minecraft:spire_armor_trim_smithing_template":1,"minecraft:arrow":106,"minecraft:powered_rail":7,"minecraft:netherrack":62,"minecraft:quartz":98,"minecraft:oak_leaves":4,"minecraft:splash_potion":1,"minecraft:firework_rocket":10,"minecraft:stone_hoe":26,"minecraft:water_bucket":2,"minecraft:bread":215,"minecraft:oak_slab":7,"minecraft:cherry_log":29,"minecraft:lilac":4,"minecraft:mossy_cobblestone":5,"minecraft:smithing_table":11,"minecraft:minecart":36,"minecraft:bookshelf":1,"minecraft:diamond_leggings":2,"minecraft:spruce_stairs":1,"minecraft:grass_block":11,"minecraft:stick":67,"minecraft:cherry_fence_gate":1,"minecraft:cherry_sign":5,"minecraft:iron_block":159,"minecraft:diorite":15,"minecraft:torch":17,"minecraft:iron_leggings":11,"minecraft:iron_axe":4,"minecraft:bucket":7,"minecraft:dandelion":19,"minecraft:redstone":73,"minecraft:polished_diorite":1,"minecraft:kelp":3,"minecraft:oak_trapdoor":5,"minecraft:flow_pottery_sherd":2,"minecraft:raw_copper":38,"minecraft:tuff":10,"minecraft:raw_iron":19,"minecraft:dead_bubble_coral_block":8,"minecraft:iron_hoe":1,"minecraft:villager_spawn_egg":2,"minecraft:smoker":1,"minecraft:stripped_oak_log":3,"minecraft:shulker_box":2,"minecraft:shield":1,"minecraft:diamond_chestplate":2,"minecraft:iron_chestplate":3,"minecraft:andesite":305,"minecraft:mossy_stone_bricks":2,"minecraft:golden_leggings":1,"minecraft:oak_sapling":7,"minecraft:diamond_boots":1,"minecraft:spruce_log":64,"minecraft:stone_pickaxe":69,"minecraft:wooden_pickaxe":1},"minecraft:picked_up":{"minecraft:iron_chestplate":15,"minecraft:chainmail_boots":19,"minecraft:flower_pot":1,"minecraft:anvil":6,"minecraft:stone_slab":5,"minecraft:smithing_table":213,"minecraft:lead":13,"minecraft:diamond_sword":1,"minecraft:oak_stairs":3,"minecraft:enchanted_book":53,"minecraft:brewing_stand":3,"minecraft:polished_deepslate":497,"minecraft:string":257,"minecraft:soul_soil":12,"minecraft:cherry_boat":24,"minecraft:diamond_leggings":23,"minecraft:cobbled_deepslate":929,"minecraft:spruce_planks":111,"minecraft:trial_key":1,"minecraft:golden_helmet":1,"minecraft:composter":2,"minecraft:purpur_pillar":46,"minecraft:cherry_log":1413,"minecraft:golden_chestplate":2,"minecraft:iron_block":91,"minecraft:end_rod":14,"minecraft:white_terracotta":116,"minecraft:blaze_rod":4,"minecraft:iron_bars":8,"minecraft:snowball":26,"minecraft:birch_log":171,"minecraft:magma_block":11,"minecraft:polished_diorite_slab":108,"minecraft:cooked_beef":573,"minecraft:cherry_leaves":1376,"minecraft:water_bucket":49,"minecraft:smoker":3,"minecraft:flint":33,"minecraft:cherry_fence":63,"minecraft:cherry_door":1,"minecraft:stonecutter":9,"minecraft:diamond_helmet":21,"minecraft:iron_hoe":1,"minecraft:dispenser":17,"minecraft:lever":4,"minecraft:granite":217,"minecraft:bread":273,"minecraft:cherry_slab":487,"minecraft:diamond_pickaxe":42,"minecraft:spruce_leaves":103,"minecraft:crafting_table":86,"minecraft:stripped_cherry_log":2,"minecraft:dragon_head":5,"minecraft:purpur_block":34,"minecraft:heavy_weighted_pressure_plate":3,"minecraft:cornflower":6,"minecraft:elytra":25,"minecraft:flint_and_steel":3,"minecraft:white_carpet":37,"minecraft:iron_shovel":9,"minecraft:cracked_stone_bricks":2,"minecraft:beef":2,"minecraft:poppy":2113,"minecraft:spruce_slab":4,"minecraft:minecart":96,"minecraft:guster_pottery_sherd":1,"minecraft:chest":72,"minecraft:birch_sapling":8,"minecraft:cherry_button":2,"minecraft:piston":50,"minecraft:copper_ore":16,"minecraft:egg":1,"minecraft:sandstone":3,"minecraft:stone":1372,"minecraft:oak_door":4,"minecraft:flow_pottery_sherd":2,"minecraft:carrot":804,"minecraft:redstone":322,"minecraft:netherite_pickaxe":17,"minecraft:music_disc_creator_music_box":1,"minecraft:diamond_chestplate":11,"minecraft:stone_shovel":16,"minecraft:peony":32,"minecraft:deepslate_bricks":3,"minecraft:shears":21,"minecraft:diamond_boots":30,"minecraft:purpur_slab":22,"minecraft:gold_ingot":637,"minecraft:mutton":2,"minecraft:white_wool":66,"minecraft:rail":231,"minecraft:bone_block":34,"minecraft:oxeye_daisy":3,"minecraft:stripped_oak_log":61,"minecraft:clock":2,"minecraft:red_mushroom":5,"minecraft:purpur_stairs":13,"minecraft:oak_log":387,"minecraft:golden_boots":1,"minecraft:paper":107,"minecraft:stone_bricks":1,"minecraft:apple":9,"minecraft:kelp":325,"minecraft:pufferfish_bucket":1,"minecraft:stone_pickaxe":29,"minecraft:iron_ore":12,"minecraft:cherry_sign":41,"minecraft:glass_bottle":1,"minecraft:iron_sword":12,"minecraft:sweet_berries":24,"minecraft:spyglass":2,"minecraft:gravel":124,"minecraft:spruce_sapling":14,"minecraft:spruce_log":283,"minecraft:crying_obsidian":1,"minecraft:firework_rocket":231,"minecraft:diamond_shovel":47,"minecraft:coal_ore":55,"minecraft:polished_diorite":52,"minecraft:stone_axe":27,"minecraft:diamond_axe":45,"minecraft:birch_sign":7,"minecraft:gray_wool":4,"minecraft:baked_potato":3,"minecraft:hopper":41,"minecraft:ender_pearl":44,"minecraft:shulker_shell":10,"minecraft:wheat":26,"minecraft:potion":4,"minecraft:cod_bucket":5,"minecraft:raw_copper":53,"minecraft:iron_leggings":11,"minecraft:oak_sign":13,"minecraft:activator_rail":11,"minecraft:smooth_stone":2,"minecraft:comparator":2,"minecraft:bucket":71,"minecraft:red_dye":2,"minecraft:redstone_torch":104,"minecraft:cobblestone_slab":1762,"minecraft:ender_eye":18,"minecraft:iron_pickaxe":16,"minecraft:iron_boots":8,"minecraft:furnace":16,"minecraft:tipped_arrow":3,"minecraft:stick":790,"minecraft:polished_deepslate_stairs":23,"minecraft:oak_fence":13,"minecraft:torch":173,"minecraft:spruce_stairs":10,"minecraft:porkchop":13,"minecraft:villager_spawn_egg":2,"minecraft:diorite":235,"minecraft:rotten_flesh":428,"minecraft:obsidian":92,"minecraft:cod":1,"minecraft:blaze_powder":11,"minecraft:cobblestone":4684,"minecraft:pink_petals":3,"minecraft:leather_chestplate":2,"minecraft:lilac":25,"minecraft:cherry_planks":951,"minecraft:repeater":18,"minecraft:andesite":455,"minecraft:black_bed":13,"minecraft:golden_leggings":1,"minecraft:potato":27,"minecraft:tuff":16,"minecraft:dirt":17115,"minecraft:stripped_birch_log":4,"minecraft:lapis_lazuli":198,"minecraft:name_tag":3,"minecraft:leather_boots":3,"minecraft:glass":517,"minecraft:bone":45,"minecraft:bow":41,"minecraft:wheat_seeds":234,"minecraft:raw_gold":116,"minecraft:bell":74,"minecraft:grindstone":2,"minecraft:mossy_stone_bricks":2,"minecraft:fletching_table":41,"minecraft:powered_rail":93,"minecraft:scrape_pottery_sherd":2,"minecraft:oak_planks":751,"minecraft:sand":1065,"minecraft:grass_block":354,"minecraft:diamond_block":1,"minecraft:shulker_box":40,"minecraft:sugar":2,"minecraft:spruce_boat":2,"minecraft:diamond":60,"minecraft:cherry_wood":10,"minecraft:bone_meal":10,"minecraft:golden_apple":14,"minecraft:spruce_sign":2,"minecraft:emerald":698,"minecraft:chorus_fruit":14,"minecraft:oak_sapling":71,"minecraft:netherrack":669,"minecraft:bubble_coral_block":4,"minecraft:oak_leaves":17,"minecraft:end_stone_bricks":26,"minecraft:charcoal":36,"minecraft:azure_bluet":5,"minecraft:splash_potion":8,"minecraft:ladder":47,"minecraft:brown_mushroom":6,"minecraft:wooden_pickaxe":1,"minecraft:gold_block":6,"minecraft:shield":14,"minecraft:brick":29,"minecraft:oak_trapdoor":11,"minecraft:stone_stairs":20,"minecraft:iron_axe":9,"minecraft:spire_armor_trim_smithing_template":1,"minecraft:oak_boat":17,"minecraft:observer":22,"minecraft:lectern":247,"minecraft:blue_shulker_box":118,"minecraft:sugar_cane":752,"minecraft:spruce_trapdoor":1,"minecraft:cherry_trapdoor":71,"minecraft:raw_iron":204,"minecraft:end_stone":75,"minecraft:cherry_stairs":16,"minecraft:bowl":2,"minecraft:cookie":36,"minecraft:iron_horse_armor":2,"minecraft:cherry_fence_gate":33,"minecraft:arrow":165,"minecraft:nether_bricks":2,"minecraft:golden_carrot":617,"minecraft:leather":54,"minecraft:birch_planks":299,"minecraft:yellow_bed":148,"minecraft:gunpowder":253,"minecraft:cooked_mutton":13,"minecraft:podzol":1,"minecraft:iron_ingot":3496,"minecraft:soul_sand":485,"minecraft:book":82,"minecraft:oak_slab":29,"minecraft:scaffolding":16,"minecraft:emerald_block":7,"minecraft:birch_boat":4,"minecraft:quartz":322,"minecraft:dandelion":62,"minecraft:lava_bucket":51,"minecraft:blast_furnace":26,"minecraft:white_bed":115,"minecraft:spruce_door":2,"minecraft:spider_eye":19,"minecraft:chainmail_leggings":28,"minecraft:dead_bubble_coral_block":14,"minecraft:iron_helmet":16,"minecraft:cherry_sapling":234,"minecraft:black_wool":4,"minecraft:coal":835},"minecraft:broken":{"minecraft:golden_boots":1,"minecraft:diamond_helmet":1,"minecraft:shears":3,"minecraft:iron_axe":1,"minecraft:iron_pickaxe":3,"minecraft:iron_helmet":1,"minecraft:golden_helmet":1,"minecraft:iron_shovel":2},"minecraft:mined":{"minecraft:dragon_wall_head":2,"minecraft:white_bed":101,"minecraft:cherry_log":1039,"minecraft:obsidian":11,"minecraft:granite":103,"minecraft:deepslate_bricks":4,"minecraft:purpur_slab":7,"minecraft:hopper":39,"minecraft:oak_wall_sign":11,"minecraft:oxeye_daisy":1,"minecraft:tall_seagrass":2,"minecraft:magma_block":4,"minecraft:cobbled_deepslate":43,"minecraft:fire":9,"minecraft:fletching_table":32,"minecraft:dirt_path":300,"minecraft:oak_stairs":30,"minecraft:iron_block":7,"minecraft:kelp_plant":26,"minecraft:smoker":2,"minecraft:soul_fire":1,"minecraft:powder_snow":3,"minecraft:torch":13,"minecraft:blast_furnace":20,"minecraft:polished_diorite_slab":39,"minecraft:glass":553,"minecraft:sugar_cane":168,"minecraft:cherry_slab":169,"minecraft:birch_sapling":1,"minecraft:white_terracotta":31,"minecraft:cherry_fence":46,"minecraft:repeater":8,"minecraft:wheat":5,"minecraft:lilac":12,"minecraft:black_bed":12,"minecraft:blue_shulker_box":104,"minecraft:stonecutter":6,"minecraft:piston":10,"minecraft:deepslate":321,"minecraft:suspicious_gravel":1,"minecraft:cherry_sapling":2,"minecraft:stripped_birch_log":1,"minecraft:end_stone":24,"minecraft:shulker_box":36,"minecraft:nether_bricks":5,"minecraft:redstone_wire":11,"minecraft:cherry_wood":10,"minecraft:kelp":13,"minecraft:red_mushroom":5,"minecraft:cherry_wall_sign":17,"minecraft:redstone_ore":5,"minecraft:snow":3,"minecraft:andesite":194,"minecraft:diamond_block":1,"minecraft:potatoes":1,"minecraft:cobblestone_slab":1038,"minecraft:rail":77,"minecraft:cherry_fence_gate":33,"minecraft:bone_block":34,"minecraft:ender_chest":1,"minecraft:smithing_table":158,"minecraft:oak_slab":18,"minecraft:glass_pane":1,"minecraft:cherry_planks":211,"minecraft:comparator":2,"minecraft:soul_sand":47,"minecraft:observer":22,"minecraft:dandelion":10,"minecraft:cornflower":4,"minecraft:short_grass":328,"minecraft:campfire":9,"minecraft:tall_grass":109,"minecraft:purpur_pillar":40,"minecraft:copper_ore":13,"minecraft:deepslate_gold_ore":18,"minecraft:diorite":202,"minecraft:white_carpet":25,"minecraft:spruce_log":63,"minecraft:birch_leaves":2,"minecraft:gravel":129,"minecraft:birch_sign":2,"minecraft:stone_bricks":9,"minecraft:cherry_sign":6,"minecraft:gold_ore":5,"minecraft:spruce_planks":11,"minecraft:farmland":78,"minecraft:brewing_stand":3,"minecraft:cherry_trapdoor":40,"minecraft:grass_block":6747,"minecraft:soul_soil":21,"minecraft:polished_diorite":8,"minecraft:composter":2,"minecraft:iron_ore":43,"minecraft:dragon_head":1,"minecraft:anvil":2,"minecraft:azure_bluet":2,"minecraft:iron_bars":9,"minecraft:birch_wall_sign":3,"minecraft:end_stone_bricks":14,"minecraft:spruce_slab":8,"minecraft:deepslate_redstone_ore":3,"minecraft:polished_deepslate_stairs":15,"minecraft:purpur_stairs":5,"minecraft:poppy":27,"minecraft:chest":30,"minecraft:nether_quartz_ore":93,"minecraft:cobblestone":736,"minecraft:grindstone":2,"minecraft:oak_planks":476,"minecraft:iron_door":3,"minecraft:wall_torch":15,"minecraft:pink_petals":1,"minecraft:seagrass":1,"minecraft:stone_stairs":21,"minecraft:powered_rail":24,"minecraft:birch_log":78,"minecraft:activator_rail":2,"minecraft:cherry_door":1,"minecraft:purpur_block":17,"minecraft:oak_log":240,"minecraft:sand":591,"minecraft:dirt":7222,"minecraft:netherrack":820,"minecraft:dispenser":15,"minecraft:oak_leaves":92,"minecraft:emerald_block":2,"minecraft:nether_gold_ore":5,"minecraft:tuff":15,"minecraft:deepslate_diamond_ore":14,"minecraft:stripped_cherry_log":2,"minecraft:ladder":18,"minecraft:soul_campfire":6,"minecraft:spruce_leaves":117,"minecraft:sandstone":3,"minecraft:large_fern":1,"minecraft:oak_trapdoor":5,"minecraft:heavy_weighted_pressure_plate":3,"minecraft:furnace":12,"minecraft:carrots":152,"minecraft:peony":24,"minecraft:gold_block":1,"minecraft:bell":64,"minecraft:polished_deepslate":188,"minecraft:bookshelf":19,"minecraft:deepslate_iron_ore":14,"minecraft:stripped_oak_log":18,"minecraft:chorus_plant":1,"minecraft:stone":2643,"minecraft:cherry_stairs":16,"minecraft:redstone_wall_torch":3,"minecraft:podzol":54,"minecraft:magenta_stained_glass":1,"minecraft:infested_stone_bricks":1,"minecraft:snow_block":11,"minecraft:basalt":4,"minecraft:oak_fence":3,"minecraft:crafting_table":69,"minecraft:lectern":244,"minecraft:lapis_ore":8,"minecraft:spruce_stairs":3,"minecraft:birch_planks":56,"minecraft:redstone_torch":21,"minecraft:sweet_berry_bush":5,"minecraft:yellow_bed":125,"minecraft:coal_ore":87,"minecraft:cherry_leaves":1641,"minecraft:end_rod":7,"minecraft:cracked_stone_bricks":8,"minecraft:mossy_stone_bricks":7},"minecraft:crafted":{"minecraft:smooth_stone":5,"minecraft:oak_sign":12,"minecraft:cherry_wood":64,"minecraft:cactus":8,"minecraft:blaze_powder":16,"minecraft:birch_boat":7,"minecraft:birch_slab":18,"minecraft:diamond_shovel":3,"minecraft:bookshelf":21,"minecraft:shulker_box":1,"minecraft:iron_bars":16,"minecraft:glass":636,"minecraft:diamond_helmet":2,"minecraft:repeater":28,"minecraft:diamond_leggings":1,"minecraft:bubble_coral_block":2,"minecraft:name_tag":3,"minecraft:glass_bottle":12,"minecraft:emerald":2049,"minecraft:cooked_porkchop":4,"minecraft:soul_campfire":15,"minecraft:diamond_axe":5,"minecraft:spruce_door":6,"minecraft:smithing_table":32,"minecraft:clock":7,"minecraft:fletching_table":12,"minecraft:campfire":9,"minecraft:tropical_fish_bucket":1,"minecraft:lectern":5,"minecraft:cherry_sign":30,"minecraft:stone_slab":6,"minecraft:iron_pickaxe":5,"minecraft:iron_block":393,"minecraft:gold_ingot":31,"minecraft:sandstone":11,"minecraft:composter":2,"minecraft:golden_carrot":417,"minecraft:stone_shovel":20,"minecraft:jukebox":1,"minecraft:polished_deepslate_stairs":56,"minecraft:pufferfish_bucket":1,"minecraft:bone_meal":426,"minecraft:blue_shulker_box":1,"minecraft:white_carpet":6,"minecraft:stone_stairs":232,"minecraft:cherry_trapdoor":88,"minecraft:diamond":9,"minecraft:polished_diorite":100,"minecraft:spruce_slab":18,"minecraft:ender_pearl":29,"minecraft:stone_pickaxe":40,"minecraft:diamond_boots":1,"minecraft:spruce_boat":4,"minecraft:spruce_sapling":2,"minecraft:chainmail_leggings":29,"minecraft:enchanted_book":8,"minecraft:beetroot_seeds":1,"minecraft:golden_apple":1,"minecraft:chainmail_boots":16,"minecraft:fermented_spider_eye":1,"minecraft:iron_shovel":6,"minecraft:iron_leggings":1,"minecraft:white_bed":21,"minecraft:grindstone":1,"minecraft:oak_planks":808,"minecraft:cobblestone_slab":1674,"minecraft:cherry_slab":945,"minecraft:cherry_boat":11,"minecraft:stone":103,"minecraft:heavy_weighted_pressure_plate":3,"minecraft:suspicious_stew":14,"minecraft:hopper":57,"minecraft:bow":29,"minecraft:iron_boots":1,"minecraft:comparator":1,"minecraft:chest":121,"minecraft:rail":32,"minecraft:stone_hoe":20,"minecraft:ender_eye":4,"minecraft:cherry_fence":69,"minecraft:polished_diorite_slab":144,"minecraft:oak_slab":66,"minecraft:arrow":16,"minecraft:crafting_table":51,"minecraft:spruce_planks":228,"minecraft:iron_helmet":9,"minecraft:cherry_button":1,"minecraft:birch_planks":248,"minecraft:dispenser":26,"minecraft:apple":54,"minecraft:spruce_trapdoor":2,"minecraft:paper":216,"minecraft:diamond_pickaxe":1,"minecraft:emerald_block":32,"minecraft:shield":2,"minecraft:stick":1248,"minecraft:iron_ingot":2660,"minecraft:black_bed":1,"minecraft:redstone_torch":102,"minecraft:shears":9,"minecraft:cherry_planks":3204,"minecraft:cookie":152,"minecraft:redstone":166,"minecraft:furnace":34,"minecraft:blast_furnace":1,"minecraft:piston":34,"minecraft:oak_trapdoor":2,"minecraft:flint_and_steel":3,"minecraft:polished_deepslate":48,"minecraft:iron_axe":4,"minecraft:iron_hoe":3,"minecraft:birch_sign":3,"minecraft:observer":31,"minecraft:minecart":20,"minecraft:cherry_fence_gate":105,"minecraft:cooked_beef":23,"minecraft:sugar":6,"minecraft:red_dye":1,"minecraft:brown_mushroom":3,"minecraft:powered_rail":36,"minecraft:bell":2,"minecraft:bucket":25,"minecraft:stone_axe":21,"minecraft:bread":155,"minecraft:air":0,"minecraft:blue_dye":1,"minecraft:oak_boat":6,"minecraft:white_wool":50,"minecraft:gold_nugget":99,"minecraft:anvil":5,"minecraft:torch":92,"minecraft:granite_slab":18,"minecraft:diamond_chestplate":1,"minecraft:firework_rocket":456}},"DataVersion":3955}