{"stats":{"minecraft:killed":{"minecraft:shulker":17,"minecraft:skeleton":17,"minecraft:cat":7,"minecraft:salmon":2,"minecraft:iron_golem":25,"minecraft:ender_dragon":1,"minecraft:zombie":86,"minecraft:cow":1,"minecraft:horse":1,"minecraft:wandering_trader":2,"minecraft:enderman":24,"minecraft:spider":20,"minecraft:piglin":2,"minecraft:pig":2,"minecraft:zombie_villager":3,"minecraft:creeper":28,"minecraft:sheep":2,"minecraft:trader_llama":1,"minecraft:ghast":2,"minecraft:blaze":4,"minecraft:bogged":2,"minecraft:drowned":1,"minecraft:villager":11},"minecraft:killed_by":{"minecraft:zombie_villager":2,"minecraft:zombie":7,"minecraft:creeper":3,"minecraft:piglin":1,"minecraft:player":5,"minecraft:spider":1,"minecraft:enderman":3,"minecraft:iron_golem":6,"minecraft:skeleton":8},"minecraft:used":{"minecraft:peony":14,"minecraft:elytra":7,"minecraft:spruce_slab":13,"minecraft:ladder":8,"minecraft:poppy":551,"minecraft:chest":52,"minecraft:stone":259,"minecraft:soul_sand":8,"minecraft:spruce_boat":5,"minecraft:lava_bucket":145,"minecraft:villager_spawn_egg":24,"minecraft:birch_sapling":5,"minecraft:cherry_leaves":116,"minecraft:bow":130,"minecraft:oak_sapling":22,"minecraft:furnace":26,"minecraft:egg":1,"minecraft:dragon_head":3,"minecraft:diorite":11,"minecraft:end_stone_bricks":5,"minecraft:spruce_door":8,"minecraft:powered_rail":15,"minecraft:composter":2,"minecraft:purpur_pillar":24,"minecraft:purpur_stairs":5,"minecraft:sand":38,"minecraft:blast_furnace":12,"minecraft:birch_slab":17,"minecraft:lectern":198,"minecraft:cherry_sign":42,"minecraft:lilac":21,"minecraft:smithing_table":87,"minecraft:bubble_coral_block":2,"minecraft:birch_log":15,"minecraft:oak_boat":12,"minecraft:oak_trapdoor":2,"minecraft:iron_bars":17,"minecraft:netherrack":251,"minecraft:torch":84,"minecraft:brewing_stand":2,"minecraft:anvil":10,"minecraft:stone_stairs":234,"minecraft:cod_bucket":1,"minecraft:polished_diorite":13,"minecraft:chipped_anvil":2,"minecraft:iron_axe":763,"minecraft:cherry_slab":21,"minecraft:cherry_fence_gate":137,"minecraft:diamond_chestplate":4,"minecraft:cherry_fence":101,"minecraft:cobbled_deepslate":214,"minecraft:cherry_log":95,"minecraft:observer":22,"minecraft:water_bucket":461,"minecraft:birch_planks":141,"minecraft:cherry_planks":391,"minecraft:fletching_table":27,"minecraft:rail":71,"minecraft:oak_slab":52,"minecraft:crafting_table":84,"minecraft:birch_sign":8,"minecraft:white_bed":115,"minecraft:campfire":9,"minecraft:spruce_log":22,"minecraft:oak_log":18,"minecraft:ender_eye":22,"minecraft:diamond_pickaxe":2787,"minecraft:cornflower":6,"minecraft:diamond_shovel":8374,"minecraft:suspicious_stew":7,"minecraft:iron_pickaxe":698,"minecraft:spruce_trapdoor":15,"minecraft:spruce_sapling":6,"minecraft:cobblestone":2571,"minecraft:potion":6,"minecraft:cooked_porkchop":6,"minecraft:stripped_oak_log":6,"minecraft:kelp":11,"minecraft:dandelion":8,"minecraft:jukebox":1,"minecraft:diamond_leggings":2,"minecraft:cherry_sapling":67,"minecraft:iron_shovel":982,"minecraft:polished_deepslate":317,"minecraft:oak_sign":13,"minecraft:shield":7,"minecraft:iron_sword":248,"minecraft:zombie_spawn_egg":19,"minecraft:bell":62,"minecraft:iron_chestplate":5,"minecraft:spruce_leaves":103,"minecraft:soul_campfire":15,"minecraft:carrot":160,"minecraft:obsidian":5,"minecraft:polished_deepslate_stairs":67,"minecraft:glass":872,"minecraft:coal_ore":19,"minecraft:iron_helmet":1,"minecraft:magma_block":1,"minecraft:blue_shulker_box":53,"minecraft:end_rod":1,"minecraft:diamond_boots":3,"minecraft:stone_pickaxe":2,"minecraft:oak_planks":386,"minecraft:polished_diorite_slab":22,"minecraft:ender_pearl":24,"minecraft:sandstone":10,"minecraft:diamond_axe":3664,"minecraft:sugar_cane":112,"minecraft:black_bed":13,"minecraft:end_stone":6,"minecraft:shears":1632,"minecraft:redstone_torch":16,"minecraft:firework_rocket":83,"minecraft:heavy_weighted_pressure_plate":3,"minecraft:bread":90,"minecraft:gravel":50,"minecraft:chainmail_boots":1,"minecraft:grindstone":1,"minecraft:andesite":2,"minecraft:stripped_cherry_log":1,"minecraft:tropical_fish_bucket":1,"minecraft:bone_meal":261,"minecraft:cherry_boat":24,"minecraft:oak_fence":4,"minecraft:purpur_block":15,"minecraft:flint_and_steel":16,"minecraft:redstone":15,"minecraft:spruce_planks":11,"minecraft:dirt":5351,"minecraft:spyglass":7,"minecraft:white_carpet":98,"minecraft:hopper":45,"minecraft:diamond_helmet":3,"minecraft:shulker_box":1,"minecraft:golden_chestplate":1,"minecraft:iron_hoe":90,"minecraft:bookshelf":12,"minecraft:oak_stairs":1,"minecraft:cherry_trapdoor":87,"minecraft:golden_carrot":221,"minecraft:netherite_pickaxe":2652,"minecraft:minecart":18,"minecraft:cooked_beef":87,"minecraft:iron_leggings":2,"minecraft:cooked_mutton":1,"minecraft:glass_bottle":11,"minecraft:baked_potato":1,"minecraft:birch_boat":10,"minecraft:stonecutter":4,"minecraft:cobblestone_slab":1291,"minecraft:piston":24,"minecraft:apple":20,"minecraft:stone_axe":67,"minecraft:bucket":612,"minecraft:yellow_bed":108,"minecraft:splash_potion":1},"minecraft:custom":{"minecraft:interact_with_crafting_table":309,"minecraft:bell_ring":403,"minecraft:leave_game":20,"minecraft:time_since_death":177319,"minecraft:damage_blocked_by_shield":675,"minecraft:play_time":2081666,"minecraft:deaths":58,"minecraft:jump":29947,"minecraft:interact_with_furnace":220,"minecraft:play_record":1,"minecraft:traded_with_villager":1538,"minecraft:sleep_in_bed":91,"minecraft:damage_dealt":72325,"minecraft:interact_with_smoker":4,"minecraft:inspect_dispenser":20,"minecraft:horse_one_cm":58756,"minecraft:interact_with_smithing_table":15,"minecraft:interact_with_anvil":43,"minecraft:inspect_hopper":48,"minecraft:sneak_time":230683,"minecraft:interact_with_blast_furnace":5,"minecraft:total_world_time":2081666,"minecraft:interact_with_stonecutter":4,"minecraft:time_since_rest":80805,"minecraft:swim_one_cm":455114,"minecraft:fly_one_cm":6127304,"minecraft:open_chest":1830,"minecraft:fall_one_cm":727366,"minecraft:open_shulker_box":121,"minecraft:sprint_one_cm":4674335,"minecraft:drop":1325,"minecraft:talked_to_villager":954,"minecraft:interact_with_brewingstand":18,"minecraft:walk_on_water_one_cm":471727,"minecraft:open_enderchest":1,"minecraft:player_kills":5,"minecraft:crouch_one_cm":822660,"minecraft:mob_kills":273,"minecraft:climb_one_cm":21849,"minecraft:walk_one_cm":2996802,"minecraft:walk_under_water_one_cm":219424,"minecraft:boat_one_cm":1114618,"minecraft:interact_with_grindstone":1,"minecraft:damage_taken":46124,"minecraft:aviate_one_cm":3650958},"minecraft:dropped":{"minecraft:piston":40,"minecraft:porkchop":8,"minecraft:lapis_lazuli":34,"minecraft:cooked_beef":71,"minecraft:chorus_fruit":5,"minecraft:glass_bottle":2,"minecraft:diamond":18,"minecraft:crafting_table":2,"minecraft:cookie":36,"minecraft:cracked_stone_bricks":2,"minecraft:purpur_stairs":1,"minecraft:elytra":2,"minecraft:rail":36,"minecraft:emerald":145,"minecraft:dirt":992,"minecraft:cherry_leaves":295,"minecraft:bone_meal":10,"minecraft:sand":61,"minecraft:iron_pickaxe":1,"minecraft:sugar":4,"minecraft:cherry_door":2,"minecraft:white_wool":5,"minecraft:bone":14,"minecraft:stone_axe":26,"minecraft:cherry_boat":2,"minecraft:sugar_cane":49,"minecraft:lever":1,"minecraft:golden_chestplate":3,"minecraft:cobbled_deepslate":77,"minecraft:wheat":2,"minecraft:obsidian":31,"minecraft:rotten_flesh":70,"minecraft:oak_planks":68,"minecraft:end_stone":20,"minecraft:blaze_powder":10,"minecraft:azure_bluet":2,"minecraft:cod_bucket":1,"minecraft:leather_boots":3,"minecraft:ladder":13,"minecraft:leather_leggings":1,"minecraft:spruce_slab":3,"minecraft:end_stone_bricks":7,"minecraft:glass":1,"minecraft:beef":2,"minecraft:cherry_fence":3,"minecraft:enchanted_book":12,"minecraft:iron_ingot":827,"minecraft:golden_boots":2,"minecraft:wheat_seeds":79,"minecraft:clock":4,"minecraft:oak_fence":2,"minecraft:purpur_slab":2,"minecraft:book":2,"minecraft:iron_helmet":19,"minecraft:cobblestone":427,"minecraft:apple":48,"minecraft:granite":65,"minecraft:coal":145,"minecraft:chainmail_helmet":1,"minecraft:golden_apple":4,"minecraft:oxeye_daisy":3,"minecraft:lava_bucket":11,"minecraft:gray_wool":3,"minecraft:golden_carrot":97,"minecraft:cherry_planks":12,"minecraft:diamond_helmet":2,"minecraft:oak_stairs":1,"minecraft:golden_hoe":1,"minecraft:red_dye":3,"minecraft:chipped_anvil":1,"minecraft:smooth_stone":1,"minecraft:chainmail_leggings":57,"minecraft:paper":53,"minecraft:string":2,"minecraft:spruce_sapling":5,"minecraft:furnace":1,"minecraft:zombie_spawn_egg":1,"minecraft:soul_soil":1,"minecraft:bowl":7,"minecraft:stone_shovel":42,"minecraft:white_carpet":10,"minecraft:iron_boots":3,"minecraft:stone_slab":10,"minecraft:cherry_slab":13,"minecraft:name_tag":2,"minecraft:shears":2,"minecraft:diamond_sword":1,"minecraft:cobblestone_slab":157,"minecraft:stone":401,"minecraft:peony":2,"minecraft:spruce_trapdoor":3,"minecraft:spruce_planks":2,"minecraft:diamond_pickaxe":7,"minecraft:redstone_torch":20,"minecraft:stone_bricks":1,"minecraft:sandstone":4,"minecraft:bow":4,"minecraft:guster_pottery_sherd":1,"minecraft:spruce_sign":2,"minecraft:soul_sand":1,"minecraft:moss_block":4,"minecraft:diamond_axe":6,"minecraft:oak_log":6,"minecraft:golden_pickaxe":1,"minecraft:ender_pearl":4,"minecraft:leather":1,"minecraft:iron_horse_armor":2,"minecraft:cod":1,"minecraft:cobblestone_stairs":1,"minecraft:flint":1,"minecraft:cherry_trapdoor":2,"minecraft:mutton":2,"minecraft:snowball":10,"minecraft:birch_log":23,"minecraft:gold_ingot":64,"minecraft:gravel":32,"minecraft:purpur_block":60,"minecraft:spyglass":2,"minecraft:cherry_sapling":5,"minecraft:diamond_shovel":3,"minecraft:carrot":375,"minecraft:chainmail_chestplate":10,"minecraft:shulker_shell":1,"minecraft:poppy":43,"minecraft:leather_chestplate":2,"minecraft:chest":4,"minecraft:chainmail_boots":44,"minecraft:iron_bars":5,"minecraft:arrow":96,"minecraft:powered_rail":7,"minecraft:oak_leaves":4,"minecraft:splash_potion":1,"minecraft:firework_rocket":9,"minecraft:water_bucket":2,"minecraft:stone_hoe":26,"minecraft:bread":155,"minecraft:oak_slab":3,"minecraft:cherry_log":28,"minecraft:lilac":4,"minecraft:mossy_cobblestone":5,"minecraft:smithing_table":9,"minecraft:minecart":10,"minecraft:bookshelf":1,"minecraft:diamond_leggings":2,"minecraft:spruce_stairs":1,"minecraft:stick":61,"minecraft:cherry_fence_gate":1,"minecraft:cherry_sign":2,"minecraft:iron_block":16,"minecraft:diorite":14,"minecraft:torch":8,"minecraft:iron_leggings":11,"minecraft:iron_axe":4,"minecraft:bucket":4,"minecraft:dandelion":18,"minecraft:redstone":1,"minecraft:kelp":3,"minecraft:oak_trapdoor":1,"minecraft:flow_pottery_sherd":2,"minecraft:tuff":10,"minecraft:dead_bubble_coral_block":8,"minecraft:iron_hoe":1,"minecraft:villager_spawn_egg":2,"minecraft:smoker":1,"minecraft:stripped_oak_log":1,"minecraft:shulker_box":1,"minecraft:shield":1,"minecraft:diamond_chestplate":2,"minecraft:iron_chestplate":3,"minecraft:andesite":76,"minecraft:mossy_stone_bricks":2,"minecraft:oak_sapling":7,"minecraft:diamond_boots":1,"minecraft:spruce_log":64,"minecraft:stone_pickaxe":68,"minecraft:wooden_pickaxe":1},"minecraft:picked_up":{"minecraft:iron_chestplate":15,"minecraft:chainmail_boots":19,"minecraft:flower_pot":1,"minecraft:anvil":6,"minecraft:stone_slab":5,"minecraft:smithing_table":112,"minecraft:lead":11,"minecraft:diamond_sword":1,"minecraft:oak_stairs":3,"minecraft:enchanted_book":53,"minecraft:brewing_stand":3,"minecraft:polished_deepslate":398,"minecraft:string":65,"minecraft:soul_soil":7,"minecraft:cherry_boat":23,"minecraft:diamond_leggings":17,"minecraft:cobbled_deepslate":929,"minecraft:spruce_planks":111,"minecraft:trial_key":1,"minecraft:golden_helmet":1,"minecraft:composter":2,"minecraft:purpur_pillar":46,"minecraft:cherry_log":1251,"minecraft:golden_chestplate":2,"minecraft:end_rod":14,"minecraft:white_terracotta":116,"minecraft:blaze_rod":4,"minecraft:iron_bars":6,"minecraft:snowball":26,"minecraft:birch_log":171,"minecraft:magma_block":10,"minecraft:polished_diorite_slab":18,"minecraft:cooked_beef":573,"minecraft:cherry_leaves":1320,"minecraft:water_bucket":44,"minecraft:smoker":3,"minecraft:flint":24,"minecraft:cherry_fence":49,"minecraft:cherry_door":1,"minecraft:stonecutter":8,"minecraft:diamond_helmet":15,"minecraft:lever":3,"minecraft:granite":141,"minecraft:bread":156,"minecraft:cherry_slab":303,"minecraft:diamond_pickaxe":42,"minecraft:spruce_leaves":103,"minecraft:crafting_table":68,"minecraft:stripped_cherry_log":2,"minecraft:dragon_head":5,"minecraft:purpur_block":34,"minecraft:heavy_weighted_pressure_plate":3,"minecraft:cornflower":6,"minecraft:elytra":19,"minecraft:flint_and_steel":3,"minecraft:white_carpet":37,"minecraft:iron_shovel":8,"minecraft:cracked_stone_bricks":2,"minecraft:beef":2,"minecraft:poppy":1133,"minecraft:spruce_slab":4,"minecraft:minecart":49,"minecraft:guster_pottery_sherd":1,"minecraft:chest":58,"minecraft:birch_sapling":8,"minecraft:piston":50,"minecraft:copper_ore":8,"minecraft:egg":1,"minecraft:sandstone":3,"minecraft:stone":1273,"minecraft:oak_door":4,"minecraft:flow_pottery_sherd":2,"minecraft:carrot":794,"minecraft:redstone":128,"minecraft:netherite_pickaxe":11,"minecraft:music_disc_creator_music_box":1,"minecraft:diamond_chestplate":11,"minecraft:stone_shovel":16,"minecraft:peony":20,"minecraft:shears":16,"minecraft:diamond_boots":23,"minecraft:purpur_slab":22,"minecraft:gold_ingot":635,"minecraft:mutton":2,"minecraft:white_wool":66,"minecraft:rail":170,"minecraft:bone_block":34,"minecraft:oxeye_daisy":3,"minecraft:stripped_oak_log":59,"minecraft:clock":2,"minecraft:red_mushroom":5,"minecraft:purpur_stairs":13,"minecraft:oak_log":385,"minecraft:golden_boots":1,"minecraft:paper":78,"minecraft:stone_bricks":1,"minecraft:apple":9,"minecraft:kelp":171,"minecraft:stone_pickaxe":28,"minecraft:iron_ore":6,"minecraft:cherry_sign":36,"minecraft:glass_bottle":1,"minecraft:iron_sword":12,"minecraft:sweet_berries":12,"minecraft:spyglass":2,"minecraft:gravel":87,"minecraft:spruce_sapling":14,"minecraft:spruce_log":283,"minecraft:crying_obsidian":1,"minecraft:firework_rocket":31,"minecraft:diamond_shovel":41,"minecraft:coal_ore":55,"minecraft:polished_diorite":5,"minecraft:stone_axe":17,"minecraft:diamond_axe":36,"minecraft:birch_sign":7,"minecraft:gray_wool":4,"minecraft:baked_potato":3,"minecraft:hopper":29,"minecraft:ender_pearl":29,"minecraft:shulker_shell":10,"minecraft:wheat":26,"minecraft:potion":3,"minecraft:cod_bucket":5,"minecraft:raw_copper":15,"minecraft:iron_leggings":11,"minecraft:oak_sign":13,"minecraft:activator_rail":11,"minecraft:bucket":64,"minecraft:red_dye":2,"minecraft:redstone_torch":31,"minecraft:cobblestone_slab":1469,"minecraft:ender_eye":18,"minecraft:iron_pickaxe":16,"minecraft:furnace":6,"minecraft:iron_boots":8,"minecraft:tipped_arrow":3,"minecraft:stick":615,"minecraft:polished_deepslate_stairs":23,"minecraft:oak_fence":13,"minecraft:torch":142,"minecraft:spruce_stairs":8,"minecraft:porkchop":13,"minecraft:villager_spawn_egg":2,"minecraft:diorite":194,"minecraft:rotten_flesh":149,"minecraft:obsidian":91,"minecraft:cod":1,"minecraft:blaze_powder":11,"minecraft:cobblestone":3843,"minecraft:pink_petals":3,"minecraft:leather_chestplate":2,"minecraft:lilac":25,"minecraft:cherry_planks":699,"minecraft:andesite":161,"minecraft:black_bed":13,"minecraft:potato":23,"minecraft:tuff":16,"minecraft:stripped_birch_log":4,"minecraft:dirt":10947,"minecraft:lapis_lazuli":161,"minecraft:name_tag":2,"minecraft:leather_boots":3,"minecraft:glass":395,"minecraft:bone":37,"minecraft:bow":6,"minecraft:wheat_seeds":178,"minecraft:raw_gold":116,"minecraft:bell":69,"minecraft:grindstone":1,"minecraft:mossy_stone_bricks":2,"minecraft:fletching_table":37,"minecraft:powered_rail":31,"minecraft:scrape_pottery_sherd":2,"minecraft:oak_planks":681,"minecraft:sand":886,"minecraft:diamond_block":1,"minecraft:shulker_box":2,"minecraft:sugar":2,"minecraft:diamond":47,"minecraft:spruce_boat":2,"minecraft:cherry_wood":2,"minecraft:bone_meal":10,"minecraft:golden_apple":14,"minecraft:spruce_sign":2,"minecraft:emerald":578,"minecraft:chorus_fruit":14,"minecraft:oak_sapling":71,"minecraft:netherrack":452,"minecraft:bubble_coral_block":4,"minecraft:oak_leaves":17,"minecraft:charcoal":18,"minecraft:end_stone_bricks":26,"minecraft:azure_bluet":5,"minecraft:splash_potion":7,"minecraft:ladder":47,"minecraft:brown_mushroom":6,"minecraft:wooden_pickaxe":1,"minecraft:gold_block":6,"minecraft:shield":14,"minecraft:brick":29,"minecraft:oak_trapdoor":11,"minecraft:stone_stairs":20,"minecraft:iron_axe":9,"minecraft:oak_boat":15,"minecraft:observer":8,"minecraft:lectern":198,"minecraft:blue_shulker_box":64,"minecraft:sugar_cane":497,"minecraft:spruce_trapdoor":1,"minecraft:cherry_trapdoor":64,"minecraft:raw_iron":166,"minecraft:end_stone":75,"minecraft:cherry_stairs":16,"minecraft:bowl":2,"minecraft:cookie":36,"minecraft:iron_horse_armor":2,"minecraft:cherry_fence_gate":33,"minecraft:arrow":154,"minecraft:nether_bricks":2,"minecraft:golden_carrot":505,"minecraft:leather":30,"minecraft:birch_planks":299,"minecraft:yellow_bed":136,"minecraft:gunpowder":43,"minecraft:cooked_mutton":13,"minecraft:iron_ingot":3004,"minecraft:soul_sand":485,"minecraft:book":66,"minecraft:oak_slab":25,"minecraft:scaffolding":16,"minecraft:birch_boat":3,"minecraft:quartz":208,"minecraft:dandelion":61,"minecraft:lava_bucket":49,"minecraft:blast_furnace":26,"minecraft:white_bed":100,"minecraft:spruce_door":2,"minecraft:spider_eye":15,"minecraft:chainmail_leggings":28,"minecraft:dead_bubble_coral_block":14,"minecraft:iron_helmet":16,"minecraft:cherry_sapling":168,"minecraft:black_wool":3,"minecraft:coal":643},"minecraft:broken":{"minecraft:golden_boots":1,"minecraft:diamond_helmet":1,"minecraft:shears":3,"minecraft:iron_pickaxe":3,"minecraft:iron_helmet":1,"minecraft:golden_helmet":1,"minecraft:iron_shovel":2},"minecraft:mined":{"minecraft:dragon_wall_head":2,"minecraft:white_bed":89,"minecraft:cherry_log":941,"minecraft:obsidian":10,"minecraft:granite":93,"minecraft:purpur_slab":7,"minecraft:hopper":29,"minecraft:oak_wall_sign":11,"minecraft:oxeye_daisy":1,"minecraft:tall_seagrass":2,"minecraft:magma_block":4,"minecraft:cobbled_deepslate":43,"minecraft:fire":9,"minecraft:fletching_table":28,"minecraft:dirt_path":198,"minecraft:oak_stairs":30,"minecraft:kelp_plant":26,"minecraft:smoker":2,"minecraft:soul_fire":1,"minecraft:powder_snow":3,"minecraft:torch":9,"minecraft:blast_furnace":20,"minecraft:polished_diorite_slab":7,"minecraft:glass":295,"minecraft:sugar_cane":156,"minecraft:cherry_slab":64,"minecraft:birch_sapling":1,"minecraft:white_terracotta":31,"minecraft:cherry_fence":46,"minecraft:wheat":5,"minecraft:lilac":12,"minecraft:black_bed":12,"minecraft:blue_shulker_box":53,"minecraft:stonecutter":5,"minecraft:piston":10,"minecraft:deepslate":321,"minecraft:suspicious_gravel":1,"minecraft:cherry_sapling":2,"minecraft:stripped_birch_log":1,"minecraft:end_stone":24,"minecraft:shulker_box":1,"minecraft:nether_bricks":5,"minecraft:redstone_wire":1,"minecraft:cherry_wood":2,"minecraft:red_mushroom":5,"minecraft:kelp":13,"minecraft:cherry_wall_sign":17,"minecraft:snow":3,"minecraft:andesite":126,"minecraft:diamond_block":1,"minecraft:potatoes":1,"minecraft:cobblestone_slab":797,"minecraft:rail":27,"minecraft:cherry_fence_gate":33,"minecraft:bone_block":34,"minecraft:ender_chest":1,"minecraft:smithing_table":71,"minecraft:oak_slab":18,"minecraft:glass_pane":1,"minecraft:cherry_planks":161,"minecraft:soul_sand":47,"minecraft:observer":8,"minecraft:dandelion":10,"minecraft:cornflower":4,"minecraft:short_grass":260,"minecraft:campfire":9,"minecraft:copper_ore":8,"minecraft:purpur_pillar":40,"minecraft:tall_grass":76,"minecraft:deepslate_gold_ore":18,"minecraft:diorite":158,"minecraft:white_carpet":25,"minecraft:spruce_log":63,"minecraft:birch_leaves":2,"minecraft:gravel":80,"minecraft:birch_sign":2,"minecraft:stone_bricks":9,"minecraft:cherry_sign":6,"minecraft:gold_ore":5,"minecraft:spruce_planks":11,"minecraft:farmland":71,"minecraft:brewing_stand":3,"minecraft:cherry_trapdoor":33,"minecraft:grass_block":3029,"minecraft:soul_soil":21,"minecraft:polished_diorite":5,"minecraft:composter":2,"minecraft:iron_ore":35,"minecraft:dragon_head":1,"minecraft:anvil":2,"minecraft:azure_bluet":2,"minecraft:iron_bars":9,"minecraft:birch_wall_sign":3,"minecraft:end_stone_bricks":14,"minecraft:spruce_slab":8,"minecraft:deepslate_redstone_ore":3,"minecraft:polished_deepslate_stairs":15,"minecraft:purpur_stairs":5,"minecraft:poppy":27,"minecraft:chest":20,"minecraft:nether_quartz_ore":61,"minecraft:cobblestone":637,"minecraft:grindstone":1,"minecraft:oak_planks":397,"minecraft:iron_door":3,"minecraft:wall_torch":10,"minecraft:pink_petals":1,"minecraft:seagrass":1,"minecraft:stone_stairs":21,"minecraft:powered_rail":3,"minecraft:birch_log":78,"minecraft:activator_rail":2,"minecraft:cherry_door":1,"minecraft:purpur_block":17,"minecraft:oak_log":239,"minecraft:sand":503,"minecraft:dirt":5229,"minecraft:netherrack":679,"minecraft:oak_leaves":92,"minecraft:nether_gold_ore":5,"minecraft:tuff":15,"minecraft:deepslate_diamond_ore":14,"minecraft:stripped_cherry_log":2,"minecraft:ladder":18,"minecraft:soul_campfire":6,"minecraft:spruce_leaves":117,"minecraft:sandstone":3,"minecraft:large_fern":1,"minecraft:oak_trapdoor":4,"minecraft:heavy_weighted_pressure_plate":3,"minecraft:furnace":5,"minecraft:carrots":147,"minecraft:peony":19,"minecraft:gold_block":1,"minecraft:bell":59,"minecraft:polished_deepslate":154,"minecraft:bookshelf":17,"minecraft:deepslate_iron_ore":14,"minecraft:stripped_oak_log":15,"minecraft:chorus_plant":1,"minecraft:stone":2119,"minecraft:cherry_stairs":16,"minecraft:redstone_wall_torch":2,"minecraft:podzol":31,"minecraft:magenta_stained_glass":1,"minecraft:infested_stone_bricks":1,"minecraft:snow_block":11,"minecraft:basalt":4,"minecraft:oak_fence":3,"minecraft:crafting_table":51,"minecraft:lectern":195,"minecraft:lapis_ore":8,"minecraft:spruce_stairs":3,"minecraft:birch_planks":56,"minecraft:redstone_torch":2,"minecraft:sweet_berry_bush":5,"minecraft:yellow_bed":114,"minecraft:coal_ore":87,"minecraft:cherry_leaves":1595,"minecraft:end_rod":7,"minecraft:cracked_stone_bricks":8,"minecraft:mossy_stone_bricks":7},"minecraft:crafted":{"minecraft:smooth_stone":5,"minecraft:oak_sign":12,"minecraft:blaze_powder":16,"minecraft:birch_boat":7,"minecraft:birch_slab":18,"minecraft:diamond_shovel":3,"minecraft:bookshelf":18,"minecraft:shulker_box":1,"minecraft:iron_bars":16,"minecraft:glass":540,"minecraft:diamond_helmet":1,"minecraft:diamond_leggings":1,"minecraft:bubble_coral_block":2,"minecraft:name_tag":2,"minecraft:glass_bottle":12,"minecraft:emerald":1183,"minecraft:cooked_porkchop":4,"minecraft:soul_campfire":15,"minecraft:diamond_axe":4,"minecraft:spruce_door":6,"minecraft:smithing_table":21,"minecraft:clock":7,"minecraft:fletching_table":9,"minecraft:campfire":9,"minecraft:tropical_fish_bucket":1,"minecraft:lectern":4,"minecraft:cherry_sign":18,"minecraft:stone_slab":6,"minecraft:iron_pickaxe":4,"minecraft:iron_block":93,"minecraft:gold_ingot":31,"minecraft:sandstone":11,"minecraft:golden_carrot":201,"minecraft:stone_shovel":20,"minecraft:jukebox":1,"minecraft:polished_deepslate_stairs":56,"minecraft:bone_meal":426,"minecraft:blue_shulker_box":1,"minecraft:white_carpet":6,"minecraft:stone_stairs":232,"minecraft:cherry_trapdoor":72,"minecraft:diamond":9,"minecraft:polished_diorite":60,"minecraft:spruce_slab":18,"minecraft:stone_pickaxe":40,"minecraft:diamond_boots":1,"minecraft:spruce_boat":4,"minecraft:chainmail_leggings":29,"minecraft:enchanted_book":7,"minecraft:golden_apple":1,"minecraft:chainmail_boots":16,"minecraft:fermented_spider_eye":1,"minecraft:iron_shovel":5,"minecraft:iron_leggings":1,"minecraft:white_bed":13,"minecraft:grindstone":1,"minecraft:oak_planks":808,"minecraft:cobblestone_slab":1080,"minecraft:cherry_slab":30,"minecraft:cherry_boat":10,"minecraft:stone":37,"minecraft:heavy_weighted_pressure_plate":3,"minecraft:suspicious_stew":7,"minecraft:hopper":26,"minecraft:bow":2,"minecraft:iron_boots":1,"minecraft:chest":71,"minecraft:stone_hoe":20,"minecraft:ender_eye":4,"minecraft:cherry_fence":69,"minecraft:polished_diorite_slab":18,"minecraft:oak_slab":48,"minecraft:arrow":16,"minecraft:crafting_table":39,"minecraft:spruce_planks":228,"minecraft:iron_helmet":9,"minecraft:birch_planks":248,"minecraft:apple":48,"minecraft:spruce_trapdoor":2,"minecraft:paper":93,"minecraft:diamond_pickaxe":1,"minecraft:shield":2,"minecraft:stick":1068,"minecraft:iron_ingot":455,"minecraft:black_bed":1,"minecraft:redstone_torch":16,"minecraft:shears":8,"minecraft:cherry_planks":2096,"minecraft:cookie":144,"minecraft:redstone":46,"minecraft:furnace":23,"minecraft:blast_furnace":1,"minecraft:piston":34,"minecraft:oak_trapdoor":2,"minecraft:flint_and_steel":2,"minecraft:polished_deepslate":48,"minecraft:iron_axe":3,"minecraft:iron_hoe":3,"minecraft:birch_sign":3,"minecraft:observer":16,"minecraft:minecart":10,"minecraft:cherry_fence_gate":105,"minecraft:cooked_beef":23,"minecraft:sugar":6,"minecraft:red_dye":1,"minecraft:brown_mushroom":3,"minecraft:powered_rail":6,"minecraft:bell":1,"minecraft:bucket":22,"minecraft:stone_axe":11,"minecraft:bread":155,"minecraft:air":0,"minecraft:blue_dye":1,"minecraft:oak_boat":6,"minecraft:white_wool":4,"minecraft:gold_nugget":99,"minecraft:anvil":4,"minecraft:torch":20,"minecraft:diamond_chestplate":1,"minecraft:firework_rocket":87}},"DataVersion":3955}