{"stats":{"minecraft:dropped":{"minecraft:iron_sword":3,"minecraft:short_grass":2,"minecraft:porkchop":7,"minecraft:lapis_lazuli":124,"minecraft:chorus_fruit":5,"minecraft:cooked_beef":3,"minecraft:glass_bottle":1,"minecraft:diamond":37,"minecraft:crafting_table":1,"minecraft:cookie":128,"minecraft:cracked_stone_bricks":3,"minecraft:purpur_stairs":3,"minecraft:elytra":6,"minecraft:rail":70,"minecraft:music_disc_creator_music_box":1,"minecraft:emerald":26,"minecraft:gold_block":1,"minecraft:dirt":488,"minecraft:cherry_leaves":39,"minecraft:gold_nugget":115,"minecraft:bone_meal":43,"minecraft:sand":3,"minecraft:sugar":7,"minecraft:white_wool":19,"minecraft:cherry_boat":2,"minecraft:stone_axe":2,"minecraft:sugar_cane":1,"minecraft:lever":3,"minecraft:cobbled_deepslate":146,"minecraft:wheat":2,"minecraft:birch_sapling":3,"minecraft:rotten_flesh":39,"minecraft:oak_planks":45,"minecraft:end_stone":38,"minecraft:eye_armor_trim_smithing_template":2,"minecraft:end_stone_bricks":3,"minecraft:glass":95,"minecraft:crying_obsidian":4,"minecraft:enchanted_book":1,"minecraft:iron_ingot":91,"minecraft:wheat_seeds":180,"minecraft:clock":1,"minecraft:purpur_slab":3,"minecraft:oak_fence":10,"minecraft:cobblestone":225,"minecraft:apple":8,"minecraft:granite":88,"minecraft:spruce_door":1,"minecraft:coal":1,"minecraft:oxeye_daisy":1,"minecraft:lava_bucket":4,"minecraft:gray_wool":1,"minecraft:golden_carrot":24,"minecraft:cherry_planks":69,"minecraft:diamond_helmet":5,"minecraft:oak_stairs":4,"minecraft:paper":66,"minecraft:string":20,"minecraft:spruce_sapling":4,"minecraft:purpur_pillar":23,"minecraft:iron_boots":1,"minecraft:cherry_slab":2,"minecraft:name_tag":3,"minecraft:nether_bricks":36,"minecraft:suspicious_stew":3,"minecraft:diamond_sword":3,"minecraft:potato":43,"minecraft:stone":4,"minecraft:peony":3,"minecraft:spruce_planks":4,"minecraft:diamond_pickaxe":11,"minecraft:redstone_torch":42,"minecraft:stone_bricks":2,"minecraft:spider_eye":5,"minecraft:light_gray_dye":1,"minecraft:spruce_sign":2,"minecraft:birch_planks":2,"minecraft:diamond_axe":7,"minecraft:oak_log":2,"minecraft:ender_pearl":22,"minecraft:leather":1,"minecraft:cobblestone_stairs":1,"minecraft:flint":8,"minecraft:birch_log":12,"minecraft:gold_ingot":64,"minecraft:gravel":51,"minecraft:purpur_block":13,"minecraft:spyglass":2,"minecraft:cherry_sapling":5,"minecraft:diamond_shovel":6,"minecraft:carrot":155,"minecraft:chainmail_chestplate":4,"minecraft:poppy":128,"minecraft:gunpowder":30,"minecraft:chest":1,"minecraft:chainmail_boots":16,"minecraft:iron_bars":3,"minecraft:arrow":17,"minecraft:powered_rail":19,"minecraft:quartz":92,"minecraft:netherrack":183,"minecraft:firework_rocket":101,"minecraft:water_bucket":2,"minecraft:oak_slab":1,"minecraft:golden_helmet":1,"minecraft:cherry_log":2,"minecraft:lilac":5,"minecraft:minecart":6,"minecraft:diamond_leggings":4,"minecraft:activator_rail":9,"minecraft:spruce_stairs":2,"minecraft:grass_block":2,"minecraft:stick":90,"minecraft:iron_block":27,"minecraft:diorite":26,"minecraft:torch":13,"minecraft:iron_door":4,"minecraft:iron_leggings":1,"minecraft:raw_iron_block":2,"minecraft:bucket":18,"minecraft:dandelion":20,"minecraft:redstone":100,"minecraft:kelp":10,"minecraft:oak_trapdoor":3,"minecraft:blaze_rod":1,"minecraft:raw_copper":12,"minecraft:tuff":16,"minecraft:raw_iron":19,"minecraft:shulker_box":6,"minecraft:shield":2,"minecraft:trial_key":1,"minecraft:diamond_chestplate":2,"minecraft:iron_chestplate":3,"minecraft:andesite":66,"minecraft:mossy_stone_bricks":5,"minecraft:oak_sapling":19,"minecraft:diamond_boots":3,"minecraft:purple_shulker_box":1,"minecraft:stone_pickaxe":18,"minecraft:wooden_pickaxe":2,"minecraft:calcite":2},"minecraft:killed":{"minecraft:shulker":46,"minecraft:skeleton":62,"minecraft:chicken":1,"minecraft:magma_cube":2,"minecraft:salmon":10,"minecraft:iron_golem":12,"minecraft:ender_dragon":1,"minecraft:zombie":107,"minecraft:glow_squid":1,"minecraft:cow":37,"minecraft:endermite":3,"minecraft:horse":1,"minecraft:enderman":205,"minecraft:zombified_piglin":1,"minecraft:spider":23,"minecraft:silverfish":7,"minecraft:wolf":1,"minecraft:piglin":4,"minecraft:pig":15,"minecraft:zombie_villager":3,"minecraft:creeper":6,"minecraft:sheep":27,"minecraft:trader_llama":1,"minecraft:ghast":5,"minecraft:blaze":6,"minecraft:bogged":2,"minecraft:hoglin":1,"minecraft:squid":1,"minecraft:wither_skeleton":5},"minecraft:crafted":{"minecraft:black_dye":2,"minecraft:smooth_stone":38,"minecraft:chainmail_helmet":1,"minecraft:cherry_wood":9,"minecraft:birch_boat":1,"minecraft:lever":6,"minecraft:diamond_shovel":6,"minecraft:bookshelf":23,"minecraft:cooked_mutton":41,"minecraft:shulker_box":6,"minecraft:glass":118,"minecraft:diamond_helmet":5,"minecraft:diamond_leggings":9,"minecraft:polished_blackstone":20,"minecraft:name_tag":2,"minecraft:emerald":1917,"minecraft:cooked_porkchop":10,"minecraft:diamond_axe":8,"minecraft:smithing_table":4,"minecraft:copper_ingot":2,"minecraft:fletching_table":6,"minecraft:campfire":6,"minecraft:lectern":4,"minecraft:cherry_sign":3,"minecraft:stone_slab":138,"minecraft:iron_pickaxe":2,"minecraft:iron_block":3,"minecraft:gold_ingot":14,"minecraft:light_gray_dye":1,"minecraft:golden_carrot":81,"minecraft:spyglass":1,"minecraft:experience_bottle":15,"minecraft:bone_meal":255,"minecraft:blue_shulker_box":2,"minecraft:white_carpet":117,"minecraft:pink_dye":6,"minecraft:cherry_trapdoor":30,"minecraft:diamond":9,"minecraft:spruce_stairs":116,"minecraft:ladder":27,"minecraft:red_shulker_box":1,"minecraft:cherry_stairs":16,"minecraft:ender_pearl":20,"minecraft:stone_pickaxe":12,"minecraft:diamond_boots":6,"minecraft:eye_armor_trim_smithing_template":6,"minecraft:wheat":261,"minecraft:enchanting_table":1,"minecraft:glowstone":9,"minecraft:enchanted_book":30,"minecraft:chainmail_boots":12,"minecraft:iron_shovel":1,"minecraft:iron_leggings":11,"minecraft:white_bed":5,"minecraft:oak_planks":7168,"minecraft:cobblestone_slab":1085,"minecraft:cherry_slab":156,"minecraft:stone":409,"minecraft:bow":3,"minecraft:iron_boots":5,"minecraft:chest":63,"minecraft:oak_button":1,"minecraft:rail":160,"minecraft:ender_eye":10,"minecraft:stone_bricks":300,"minecraft:cherry_fence":18,"minecraft:spire_armor_trim_smithing_template":14,"minecraft:smoker":1,"minecraft:dropper":1,"minecraft:oak_slab":12,"minecraft:arrow":432,"minecraft:crafting_table":13,"minecraft:spruce_planks":6428,"minecraft:baked_potato":49,"minecraft:wooden_pickaxe":2,"minecraft:iron_helmet":4,"minecraft:chainmail_chestplate":10,"minecraft:birch_planks":744,"minecraft:black_shulker_box":2,"minecraft:dispenser":1,"minecraft:iron_chestplate":3,"minecraft:book":49,"minecraft:paper":1845,"minecraft:diamond_pickaxe":6,"minecraft:shield":3,"minecraft:stick":28735,"minecraft:iron_ingot":1526,"minecraft:redstone_torch":32,"minecraft:shears":2,"minecraft:cherry_planks":2444,"minecraft:oak_door":3,"minecraft:redstone":20,"minecraft:furnace":7,"minecraft:blast_furnace":10,"minecraft:oak_trapdoor":18,"minecraft:flint_and_steel":3,"minecraft:leather":57,"minecraft:polished_deepslate":208,"minecraft:iron_hoe":1,"minecraft:cobblestone_wall":60,"minecraft:birch_sign":3,"minecraft:cherry_fence_gate":4,"minecraft:minecart":9,"minecraft:cooked_beef":37,"minecraft:red_dye":2,"minecraft:diamond_sword":5,"minecraft:spruce_sign":3,"minecraft:powered_rail":12,"minecraft:activator_rail":12,"minecraft:iron_sword":1,"minecraft:bucket":24,"minecraft:stone_axe":2,"minecraft:bread":399,"minecraft:air":0,"minecraft:blue_dye":3,"minecraft:oak_boat":1,"minecraft:white_wool":71,"minecraft:cherry_door":6,"minecraft:anvil":1,"minecraft:coast_armor_trim_smithing_template":4,"minecraft:torch":1088,"minecraft:lapis_lazuli":12,"minecraft:diamond_chestplate":9,"minecraft:firework_rocket":732},"minecraft:killed_by":{"minecraft:zombie_villager":2,"minecraft:bogged":1,"minecraft:zombie":5,"minecraft:creeper":1,"minecraft:endermite":2,"minecraft:player":5,"minecraft:enderman":1,"minecraft:iron_golem":3},"minecraft:picked_up":{"minecraft:iron_chestplate":6,"minecraft:chainmail_boots":16,"minecraft:suspicious_stew":7,"minecraft:flower_pot":1,"minecraft:anvil":1,"minecraft:stone_slab":27,"minecraft:smithing_table":6,"minecraft:lead":4,"minecraft:diamond_sword":17,"minecraft:oak_stairs":6,"minecraft:enchanted_book":7,"minecraft:purple_shulker_box":1,"minecraft:brewing_stand":5,"minecraft:amethyst_block":66,"minecraft:polished_deepslate":1,"minecraft:string":36,"minecraft:soul_soil":6,"minecraft:beetroot":3,"minecraft:cherry_boat":4,"minecraft:diamond_leggings":18,"minecraft:gold_nugget":310,"minecraft:cobbled_deepslate":837,"minecraft:spruce_planks":93,"minecraft:trial_key":2,"minecraft:golden_helmet":1,"minecraft:jukebox":1,"minecraft:composter":3,"minecraft:purpur_pillar":49,"minecraft:cherry_log":1116,"minecraft:golden_chestplate":1,"minecraft:iron_block":150,"minecraft:glowstone":10,"minecraft:end_rod":15,"minecraft:white_terracotta":23,"minecraft:blaze_rod":6,"minecraft:iron_bars":21,"minecraft:birch_log":256,"minecraft:magma_block":62,"minecraft:feather":1,"minecraft:cooked_beef":10,"minecraft:water_bucket":8,"minecraft:iron_door":12,"minecraft:cherry_leaves":458,"minecraft:birch_slab":28,"minecraft:flint":57,"minecraft:cherry_fence":4,"minecraft:cherry_door":2,"minecraft:chipped_anvil":1,"minecraft:diamond_helmet":11,"minecraft:glowstone_dust":51,"minecraft:moss_block":6,"minecraft:dropper":1,"minecraft:ink_sac":2,"minecraft:iron_hoe":6,"minecraft:dispenser":3,"minecraft:lever":8,"minecraft:granite":362,"minecraft:bread":332,"minecraft:cherry_slab":103,"minecraft:crimson_roots":19,"minecraft:diamond_pickaxe":32,"minecraft:crafting_table":27,"minecraft:nether_wart":31,"minecraft:dragon_head":2,"minecraft:purpur_block":157,"minecraft:cornflower":5,"minecraft:elytra":15,"minecraft:flint_and_steel":9,"minecraft:white_carpet":23,"minecraft:cracked_stone_bricks":10,"minecraft:cartography_table":1,"minecraft:beef":72,"minecraft:poppy":230,"minecraft:minecart":33,"minecraft:guster_pottery_sherd":1,"minecraft:chest":23,"minecraft:birch_sapling":8,"minecraft:cherry_button":1,"minecraft:stone":201,"minecraft:oak_door":6,"minecraft:flow_pottery_sherd":3,"minecraft:carrot":568,"minecraft:redstone":292,"minecraft:music_disc_creator_music_box":4,"minecraft:diamond_chestplate":15,"minecraft:stone_shovel":6,"minecraft:beetroot_seeds":7,"minecraft:peony":63,"minecraft:shears":2,"minecraft:diamond_boots":10,"minecraft:hay_block":35,"minecraft:purpur_slab":4,"minecraft:gold_ingot":64,"minecraft:polished_blackstone":1,"minecraft:tuff_bricks":8,"minecraft:mutton":41,"minecraft:white_wool":89,"minecraft:rail":220,"minecraft:bone_block":24,"minecraft:oxeye_daisy":3,"minecraft:stripped_oak_log":23,"minecraft:clock":1,"minecraft:purpur_stairs":7,"minecraft:oak_log":1903,"minecraft:golden_boots":4,"minecraft:paper":93,"minecraft:stone_bricks":29,"minecraft:apple":75,"minecraft:kelp":10,"minecraft:oak_fence_gate":6,"minecraft:stone_pickaxe":8,"minecraft:cherry_sign":2,"minecraft:iron_sword":4,"minecraft:spyglass":6,"minecraft:gravel":274,"minecraft:spruce_sapling":81,"minecraft:spruce_log":1703,"minecraft:crying_obsidian":4,"minecraft:dragon_egg":2,"minecraft:firework_rocket":397,"minecraft:diamond_shovel":20,"minecraft:stone_axe":1,"minecraft:short_grass":2,"minecraft:diamond_axe":24,"minecraft:birch_sign":1,"minecraft:gray_wool":4,"minecraft:oak_button":1,"minecraft:baked_potato":196,"minecraft:hopper":6,"minecraft:ender_pearl":138,"minecraft:shulker_shell":54,"minecraft:wheat":20,"minecraft:nether_brick_fence":4,"minecraft:light_gray_shulker_box":19,"minecraft:potion":5,"minecraft:raw_copper":428,"minecraft:iron_leggings":11,"minecraft:activator_rail":33,"minecraft:black_shulker_box":5,"minecraft:smooth_stone":1,"minecraft:bucket":28,"minecraft:redstone_torch":81,"minecraft:cobblestone_slab":278,"minecraft:calcite":2,"minecraft:iron_pickaxe":2,"minecraft:furnace":18,"minecraft:iron_boots":11,"minecraft:stick":707,"minecraft:oak_fence":61,"minecraft:torch":525,"minecraft:spruce_stairs":11,"minecraft:porkchop":37,"minecraft:diorite":198,"minecraft:rotten_flesh":158,"minecraft:obsidian":108,"minecraft:cobblestone":8060,"minecraft:enchanting_table":1,"minecraft:lilac":16,"minecraft:cherry_planks":333,"minecraft:andesite":325,"minecraft:potato":149,"minecraft:tuff":54,"minecraft:dirt":7791,"minecraft:lapis_lazuli":484,"minecraft:name_tag":3,"minecraft:glass":175,"minecraft:bone":93,"minecraft:bow":19,"minecraft:wheat_seeds":358,"minecraft:raw_gold":79,"minecraft:bell":2,"minecraft:mossy_stone_bricks":16,"minecraft:fletching_table":15,"minecraft:scrape_pottery_sherd":2,"minecraft:powered_rail":22,"minecraft:oak_planks":220,"minecraft:stone_hoe":6,"minecraft:ghast_tear":1,"minecraft:cooked_porkchop":29,"minecraft:sand":386,"minecraft:grass_block":5,"minecraft:diamond_block":1,"minecraft:shulker_box":72,"minecraft:mossy_cobblestone":12,"minecraft:sugar":9,"minecraft:spruce_boat":2,"minecraft:diamond":256,"minecraft:cherry_wood":2,"minecraft:crossbow":4,"minecraft:bone_meal":109,"minecraft:golden_apple":1,"minecraft:spruce_sign":2,"minecraft:emerald":543,"minecraft:oak_sapling":162,"minecraft:chorus_fruit":27,"minecraft:netherrack":3176,"minecraft:end_stone_bricks":7,"minecraft:azure_bluet":2,"minecraft:ladder":1,"minecraft:wooden_pickaxe":4,"minecraft:gold_block":1,"minecraft:shield":10,"minecraft:brick":38,"minecraft:oak_trapdoor":35,"minecraft:iron_axe":2,"minecraft:item_frame":3,"minecraft:blackstone":62,"minecraft:spire_armor_trim_smithing_template":1,"minecraft:lectern":96,"minecraft:blue_shulker_box":72,"minecraft:sugar_cane":137,"minecraft:spruce_trapdoor":2,"minecraft:cherry_trapdoor":6,"minecraft:raw_iron":274,"minecraft:end_stone":198,"minecraft:cherry_stairs":19,"minecraft:copper_ingot":11,"minecraft:cookie":180,"minecraft:iron_horse_armor":5,"minecraft:weeping_vines":2,"minecraft:arrow":780,"minecraft:red_shulker_box":6,"minecraft:nether_bricks":45,"minecraft:saddle":5,"minecraft:golden_carrot":145,"minecraft:glow_ink_sac":9,"minecraft:magenta_banner":1,"minecraft:salmon":10,"minecraft:leather":111,"minecraft:birch_planks":10,"minecraft:chainmail_chestplate":4,"minecraft:cobblestone_wall":1,"minecraft:yellow_bed":8,"minecraft:gunpowder":235,"minecraft:cobblestone_stairs":3,"minecraft:cooked_mutton":8,"minecraft:iron_ingot":773,"minecraft:stripped_oak_wood":1,"minecraft:soul_sand":23,"minecraft:book":56,"minecraft:oak_slab":49,"minecraft:emerald_block":4,"minecraft:birch_boat":1,"minecraft:stone_brick_slab":1,"minecraft:quartz":86,"minecraft:dandelion":53,"minecraft:raw_iron_block":4,"minecraft:lava_bucket":9,"minecraft:amethyst_shard":64,"minecraft:blast_furnace":5,"minecraft:white_bed":4,"minecraft:spruce_door":1,"minecraft:spider_eye":11,"minecraft:dead_bubble_coral_block":2,"minecraft:iron_helmet":11,"minecraft:cherry_sapling":322,"minecraft:black_wool":1,"minecraft:coal":1054},"minecraft:broken":{"minecraft:shears":1,"minecraft:iron_boots":1,"minecraft:diamond_shovel":1,"minecraft:shield":3,"minecraft:iron_helmet":1,"minecraft:iron_shovel":1,"minecraft:flint_and_steel":3,"minecraft:diamond_axe":1},"minecraft:used":{"minecraft:peony":49,"minecraft:moss_block":6,"minecraft:tuff_bricks":5,"minecraft:elytra":21,"minecraft:dispenser":2,"minecraft:polished_blackstone":7,"minecraft:ladder":14,"minecraft:poppy":12,"minecraft:chest":64,"minecraft:stone":33,"minecraft:rotten_flesh":2,"minecraft:lava_bucket":44,"minecraft:grass_block":100,"minecraft:cherry_leaves":740,"minecraft:bow":289,"minecraft:furnace":8,"minecraft:oak_sapling":134,"minecraft:potato":54,"minecraft:dragon_head":1,"minecraft:mossy_stone_bricks":11,"minecraft:diorite":10,"minecraft:powered_rail":15,"minecraft:wooden_pickaxe":6,"minecraft:composter":2,"minecraft:purpur_pillar":4,"minecraft:cookie":4,"minecraft:purpur_stairs":2,"minecraft:sand":21,"minecraft:blast_furnace":18,"minecraft:lectern":98,"minecraft:cherry_sign":1,"minecraft:lilac":8,"minecraft:diamond_sword":1660,"minecraft:smithing_table":11,"minecraft:birch_log":25,"minecraft:oak_boat":1,"minecraft:oak_trapdoor":17,"minecraft:enchanting_table":2,"minecraft:netherrack":1689,"minecraft:torch":1285,"minecraft:light_gray_shulker_box":18,"minecraft:dragon_egg":1,"minecraft:brewing_stand":4,"minecraft:anvil":2,"minecraft:red_shulker_box":2,"minecraft:chipped_anvil":1,"minecraft:iron_axe":31,"minecraft:cherry_slab":161,"minecraft:cherry_fence_gate":1,"minecraft:diamond_chestplate":18,"minecraft:glowstone":2,"minecraft:cobbled_deepslate":122,"minecraft:cherry_fence":21,"minecraft:cherry_log":446,"minecraft:water_bucket":201,"minecraft:birch_planks":9,"minecraft:cherry_planks":1331,"minecraft:fletching_table":22,"minecraft:cracked_stone_bricks":1,"minecraft:mossy_cobblestone":6,"minecraft:rail":204,"minecraft:oak_slab":3,"minecraft:crafting_table":31,"minecraft:birch_sign":4,"minecraft:white_bed":11,"minecraft:campfire":6,"minecraft:spruce_log":2,"minecraft:oak_log":8,"minecraft:diamond_pickaxe":16255,"minecraft:diamond_shovel":12798,"minecraft:oak_button":2,"minecraft:iron_pickaxe":51,"minecraft:spruce_sapling":77,"minecraft:cobblestone":932,"minecraft:potion":2,"minecraft:cooked_porkchop":10,"minecraft:jukebox":1,"minecraft:diamond_leggings":1,"minecraft:cherry_sapling":163,"minecraft:iron_shovel":270,"minecraft:polished_deepslate":1,"minecraft:shield":145,"minecraft:iron_sword":290,"minecraft:bell":2,"minecraft:carrot":294,"minecraft:obsidian":68,"minecraft:glass":48,"minecraft:iron_helmet":1,"minecraft:stone_bricks":250,"minecraft:blue_shulker_box":69,"minecraft:end_rod":9,"minecraft:dropper":1,"minecraft:stone_pickaxe":106,"minecraft:oak_planks":131,"minecraft:ender_pearl":64,"minecraft:diamond_axe":6876,"minecraft:sugar_cane":10,"minecraft:white_wool":16,"minecraft:crossbow":2,"minecraft:end_stone":165,"minecraft:shears":147,"minecraft:redstone_torch":25,"minecraft:lever":8,"minecraft:firework_rocket":317,"minecraft:bread":313,"minecraft:gravel":44,"minecraft:pufferfish_bucket":2,"minecraft:andesite":9,"minecraft:bone_meal":394,"minecraft:experience_bottle":16,"minecraft:oak_fence":9,"minecraft:purpur_block":3,"minecraft:cherry_wood":4,"minecraft:flint_and_steel":282,"minecraft:redstone":2,"minecraft:spruce_planks":56,"minecraft:oak_door":3,"minecraft:dirt":3962,"minecraft:spyglass":486,"minecraft:white_carpet":40,"minecraft:hopper":6,"minecraft:spruce_stairs":108,"minecraft:cobblestone_wall":9,"minecraft:diamond_helmet":1,"minecraft:shulker_box":61,"minecraft:granite":15,"minecraft:iron_hoe":62,"minecraft:bookshelf":22,"minecraft:cherry_trapdoor":16,"minecraft:iron_boots":3,"minecraft:golden_carrot":134,"minecraft:minecart":4,"minecraft:cooked_beef":35,"minecraft:iron_leggings":1,"minecraft:cooked_mutton":29,"minecraft:baked_potato":51,"minecraft:birch_boat":1,"minecraft:black_shulker_box":3,"minecraft:spruce_sign":2,"minecraft:cobblestone_slab":1396,"minecraft:smoker":3,"minecraft:activator_rail":10,"minecraft:apple":6,"minecraft:cherry_door":3,"minecraft:stone_slab":37,"minecraft:stone_axe":73,"minecraft:cherry_stairs":35,"minecraft:bucket":267,"minecraft:yellow_bed":11},"minecraft:custom":{"minecraft:interact_with_crafting_table":281,"minecraft:open_barrel":10,"minecraft:bell_ring":114,"minecraft:leave_game":24,"minecraft:time_since_death":20723,"minecraft:damage_blocked_by_shield":12430,"minecraft:play_time":2684310,"minecraft:deaths":30,"minecraft:jump":37831,"minecraft:enchant_item":18,"minecraft:interact_with_furnace":218,"minecraft:play_record":1,"minecraft:traded_with_villager":2171,"minecraft:sleep_in_bed":30,"minecraft:damage_dealt":125711,"minecraft:interact_with_smoker":22,"minecraft:inspect_dispenser":30,"minecraft:horse_one_cm":608542,"minecraft:interact_with_smithing_table":43,"minecraft:interact_with_anvil":75,"minecraft:inspect_hopper":12,"minecraft:sneak_time":319534,"minecraft:interact_with_blast_furnace":25,"minecraft:total_world_time":2684310,"minecraft:time_since_rest":20748,"minecraft:swim_one_cm":518238,"minecraft:fly_one_cm":9237939,"minecraft:open_chest":1423,"minecraft:fall_one_cm":818823,"minecraft:animals_bred":2,"minecraft:open_shulker_box":310,"minecraft:sprint_one_cm":5189874,"minecraft:drop":762,"minecraft:talked_to_villager":986,"minecraft:interact_with_brewingstand":3,"minecraft:walk_on_water_one_cm":493879,"minecraft:open_enderchest":2,"minecraft:player_kills":8,"minecraft:crouch_one_cm":1128637,"minecraft:mob_kills":627,"minecraft:interact_with_campfire":6,"minecraft:climb_one_cm":43166,"minecraft:walk_one_cm":5839443,"minecraft:walk_under_water_one_cm":532634,"minecraft:boat_one_cm":780671,"minecraft:damage_taken":36090,"minecraft:aviate_one_cm":10989507},"minecraft:mined":{"minecraft:dragon_wall_head":2,"minecraft:red_shulker_box":2,"minecraft:white_bed":5,"minecraft:cherry_log":1075,"minecraft:obsidian":89,"minecraft:granite":280,"minecraft:purpur_slab":1,"minecraft:oxeye_daisy":1,"minecraft:nether_wart":28,"minecraft:spawner":1,"minecraft:tall_seagrass":2,"minecraft:weeping_vines_plant":1,"minecraft:magma_block":72,"minecraft:fire":33,"minecraft:cobbled_deepslate":13,"minecraft:deepslate_lapis_ore":24,"minecraft:fletching_table":15,"minecraft:enchanting_table":1,"minecraft:dirt_path":883,"minecraft:oak_stairs":5,"minecraft:small_amethyst_bud":3,"minecraft:iron_block":4,"minecraft:kelp_plant":2,"minecraft:crimson_nylium":140,"minecraft:amethyst_cluster":6,"minecraft:torch":54,"minecraft:blast_furnace":5,"minecraft:glass":12,"minecraft:sugar_cane":60,"minecraft:amethyst_block":74,"minecraft:cherry_slab":49,"minecraft:white_terracotta":31,"minecraft:cherry_fence":4,"minecraft:wheat":83,"minecraft:lilac":10,"minecraft:jukebox":1,"minecraft:stone_brick_stairs":2,"minecraft:oak_fence_gate":2,"minecraft:blue_shulker_box":69,"minecraft:deepslate":930,"minecraft:mossy_cobblestone":7,"minecraft:cherry_sapling":8,"minecraft:end_stone":200,"minecraft:shulker_box":59,"minecraft:nether_bricks":37,"minecraft:crimson_roots":4,"minecraft:redstone_wire":1,"minecraft:cherry_wood":2,"minecraft:kelp":1,"minecraft:moss_block":6,"minecraft:cartography_table":1,"minecraft:andesite":273,"minecraft:potatoes":33,"minecraft:cobblestone_slab":35,"minecraft:rail":101,"minecraft:white_wool":11,"minecraft:bone_block":24,"minecraft:ender_chest":2,"minecraft:smithing_table":9,"minecraft:oak_slab":3,"minecraft:glass_pane":10,"minecraft:cherry_planks":228,"minecraft:soul_sand":23,"minecraft:stone_brick_slab":1,"minecraft:dandelion":36,"minecraft:cornflower":5,"minecraft:short_grass":961,"minecraft:dropper":1,"minecraft:purpur_pillar":24,"minecraft:tall_grass":112,"minecraft:copper_ore":61,"minecraft:deepslate_gold_ore":47,"minecraft:diorite":219,"minecraft:cobblestone_wall":2,"minecraft:white_carpet":18,"minecraft:spruce_log":1646,"minecraft:birch_leaves":15,"minecraft:gravel":249,"minecraft:cobweb":5,"minecraft:birch_sign":1,"minecraft:polished_blackstone":1,"minecraft:stone_bricks":35,"minecraft:chipped_anvil":1,"minecraft:gold_ore":4,"minecraft:fern":1,"minecraft:black_shulker_box":3,"minecraft:large_amethyst_bud":2,"minecraft:spruce_planks":49,"minecraft:farmland":5,"minecraft:cobblestone_stairs":2,"minecraft:brewing_stand":5,"minecraft:cherry_trapdoor":7,"minecraft:budding_amethyst":19,"minecraft:grass_block":5545,"minecraft:soul_soil":7,"minecraft:composter":3,"minecraft:tuff_bricks":8,"minecraft:raw_iron_block":2,"minecraft:glowstone":21,"minecraft:iron_ore":62,"minecraft:anvil":1,"minecraft:azure_bluet":3,"minecraft:end_stone_bricks":7,"minecraft:deepslate_redstone_ore":45,"minecraft:blackstone":65,"minecraft:dead_bubble_coral_block":2,"minecraft:medium_amethyst_bud":5,"minecraft:purpur_stairs":7,"minecraft:calcite":6,"minecraft:poppy":18,"minecraft:chest":23,"minecraft:nether_quartz_ore":145,"minecraft:cobblestone":384,"minecraft:oak_planks":35,"minecraft:iron_door":7,"minecraft:wall_torch":43,"minecraft:seagrass":1,"minecraft:powered_rail":6,"minecraft:nether_wart_block":1,"minecraft:birch_log":261,"minecraft:activator_rail":8,"minecraft:stripped_oak_wood":1,"minecraft:purpur_block":84,"minecraft:oak_log":1864,"minecraft:beetroots":3,"minecraft:waxed_oxidized_copper":2,"minecraft:sand":381,"minecraft:dirt":6291,"minecraft:dispenser":1,"minecraft:netherrack":5081,"minecraft:oak_leaves":562,"minecraft:nether_gold_ore":38,"minecraft:diamond_ore":1,"minecraft:crying_obsidian":4,"minecraft:tuff":68,"minecraft:deepslate_diamond_ore":105,"minecraft:glow_lichen":1,"minecraft:lever":2,"minecraft:ladder":1,"minecraft:decorated_pot":11,"minecraft:weeping_vines":8,"minecraft:spruce_leaves":123,"minecraft:hay_block":35,"minecraft:oak_trapdoor":20,"minecraft:spruce_sapling":4,"minecraft:furnace":16,"minecraft:carrots":154,"minecraft:light_gray_shulker_box":17,"minecraft:peony":59,"minecraft:bell":2,"minecraft:nether_brick_fence":5,"minecraft:polished_deepslate":1,"minecraft:bookshelf":10,"minecraft:deepslate_iron_ore":86,"minecraft:stripped_oak_log":23,"minecraft:chorus_plant":1,"minecraft:stone":6382,"minecraft:cherry_stairs":19,"minecraft:redstone_wall_torch":4,"minecraft:podzol":33,"minecraft:magenta_stained_glass":2,"minecraft:infested_stone_bricks":2,"minecraft:oak_fence":25,"minecraft:crafting_table":29,"minecraft:lectern":96,"minecraft:stone_slab":16,"minecraft:deepslate_coal_ore":5,"minecraft:lapis_ore":24,"minecraft:spruce_stairs":9,"minecraft:birch_planks":7,"minecraft:redstone_torch":13,"minecraft:yellow_bed":8,"minecraft:coal_ore":410,"minecraft:cherry_leaves":541,"minecraft:end_rod":11,"minecraft:flower_pot":1,"minecraft:cracked_stone_bricks":11,"minecraft:mossy_stone_bricks":16}},"DataVersion":3955}