{"stats":{"minecraft:killed":{"minecraft:shulker":10,"minecraft:skeleton":61,"minecraft:chicken":1,"minecraft:iron_golem":9,"minecraft:zombie":101,"minecraft:glow_squid":1,"minecraft:cow":34,"minecraft:horse":1,"minecraft:enderman":16,"minecraft:zombified_piglin":1,"minecraft:spider":22,"minecraft:silverfish":1,"minecraft:wolf":1,"minecraft:pig":14,"minecraft:zombie_villager":3,"minecraft:creeper":6,"minecraft:sheep":27,"minecraft:ghast":4,"minecraft:blaze":6,"minecraft:bogged":2,"minecraft:wither_skeleton":5},"minecraft:killed_by":{"minecraft:zombie_villager":2,"minecraft:bogged":1,"minecraft:zombie":5,"minecraft:creeper":1,"minecraft:player":5,"minecraft:iron_golem":2},"minecraft:used":{"minecraft:peony":49,"minecraft:moss_block":6,"minecraft:tuff_bricks":5,"minecraft:ladder":14,"minecraft:dispenser":2,"minecraft:polished_blackstone":7,"minecraft:poppy":12,"minecraft:chest":15,"minecraft:stone":7,"minecraft:rotten_flesh":2,"minecraft:lava_bucket":43,"minecraft:grass_block":1,"minecraft:bow":216,"minecraft:furnace":5,"minecraft:oak_sapling":134,"minecraft:potato":54,"minecraft:diorite":9,"minecraft:powered_rail":15,"minecraft:wooden_pickaxe":6,"minecraft:composter":2,"minecraft:purpur_pillar":3,"minecraft:cookie":4,"minecraft:sand":21,"minecraft:blast_furnace":18,"minecraft:lectern":95,"minecraft:cherry_sign":1,"minecraft:lilac":8,"minecraft:diamond_sword":756,"minecraft:smithing_table":11,"minecraft:birch_log":25,"minecraft:oak_boat":1,"minecraft:oak_trapdoor":16,"minecraft:enchanting_table":2,"minecraft:netherrack":661,"minecraft:torch":1070,"minecraft:brewing_stand":4,"minecraft:anvil":2,"minecraft:chipped_anvil":1,"minecraft:iron_axe":31,"minecraft:cherry_slab":149,"minecraft:diamond_chestplate":2,"minecraft:glowstone":2,"minecraft:cobbled_deepslate":122,"minecraft:cherry_fence":13,"minecraft:cherry_log":442,"minecraft:water_bucket":153,"minecraft:birch_planks":8,"minecraft:cherry_planks":1322,"minecraft:fletching_table":15,"minecraft:rail":199,"minecraft:oak_slab":3,"minecraft:crafting_table":26,"minecraft:birch_sign":4,"minecraft:white_bed":11,"minecraft:campfire":6,"minecraft:spruce_log":2,"minecraft:oak_log":8,"minecraft:diamond_pickaxe":11412,"minecraft:diamond_shovel":5557,"minecraft:oak_button":2,"minecraft:iron_pickaxe":51,"minecraft:spruce_sapling":77,"minecraft:cobblestone":869,"minecraft:potion":1,"minecraft:cooked_porkchop":10,"minecraft:jukebox":1,"minecraft:diamond_leggings":1,"minecraft:cherry_sapling":163,"minecraft:iron_shovel":270,"minecraft:polished_deepslate":1,"minecraft:shield":138,"minecraft:iron_sword":207,"minecraft:bell":2,"minecraft:carrot":294,"minecraft:obsidian":23,"minecraft:glass":48,"minecraft:iron_helmet":1,"minecraft:blue_shulker_box":32,"minecraft:end_rod":8,"minecraft:dropper":1,"minecraft:stone_pickaxe":106,"minecraft:oak_planks":109,"minecraft:ender_pearl":6,"minecraft:diamond_axe":6601,"minecraft:sugar_cane":10,"minecraft:end_stone":35,"minecraft:shears":4,"minecraft:redstone_torch":25,"minecraft:lever":8,"minecraft:bread":224,"minecraft:gravel":38,"minecraft:pufferfish_bucket":2,"minecraft:andesite":4,"minecraft:bone_meal":394,"minecraft:experience_bottle":16,"minecraft:oak_fence":9,"minecraft:cherry_wood":4,"minecraft:flint_and_steel":233,"minecraft:redstone":1,"minecraft:spruce_planks":56,"minecraft:oak_door":2,"minecraft:dirt":2273,"minecraft:spyglass":445,"minecraft:spruce_stairs":107,"minecraft:shulker_box":37,"minecraft:granite":13,"minecraft:iron_hoe":62,"minecraft:bookshelf":18,"minecraft:cherry_trapdoor":9,"minecraft:iron_boots":3,"minecraft:golden_carrot":35,"minecraft:minecart":2,"minecraft:cooked_beef":35,"minecraft:iron_leggings":1,"minecraft:cooked_mutton":29,"minecraft:baked_potato":51,"minecraft:birch_boat":1,"minecraft:spruce_sign":2,"minecraft:cobblestone_slab":889,"minecraft:smoker":3,"minecraft:activator_rail":10,"minecraft:apple":6,"minecraft:cherry_door":3,"minecraft:stone_axe":73,"minecraft:cherry_stairs":35,"minecraft:bucket":201,"minecraft:yellow_bed":11},"minecraft:custom":{"minecraft:interact_with_crafting_table":211,"minecraft:open_barrel":10,"minecraft:bell_ring":87,"minecraft:leave_game":19,"minecraft:time_since_death":857762,"minecraft:damage_blocked_by_shield":12025,"minecraft:play_time":1922398,"minecraft:deaths":22,"minecraft:jump":29116,"minecraft:enchant_item":17,"minecraft:interact_with_furnace":157,"minecraft:play_record":1,"minecraft:traded_with_villager":1177,"minecraft:sleep_in_bed":25,"minecraft:damage_dealt":68609,"minecraft:interact_with_smoker":22,"minecraft:inspect_dispenser":30,"minecraft:horse_one_cm":531161,"minecraft:interact_with_smithing_table":27,"minecraft:interact_with_anvil":28,"minecraft:inspect_hopper":3,"minecraft:sneak_time":209056,"minecraft:interact_with_blast_furnace":15,"minecraft:total_world_time":1922398,"minecraft:time_since_rest":138547,"minecraft:swim_one_cm":316525,"minecraft:fly_one_cm":5712711,"minecraft:open_chest":881,"minecraft:fall_one_cm":620969,"minecraft:animals_bred":2,"minecraft:open_shulker_box":147,"minecraft:sprint_one_cm":3765580,"minecraft:drop":604,"minecraft:talked_to_villager":646,"minecraft:interact_with_brewingstand":2,"minecraft:walk_on_water_one_cm":365324,"minecraft:open_enderchest":1,"minecraft:player_kills":6,"minecraft:crouch_one_cm":740565,"minecraft:mob_kills":337,"minecraft:climb_one_cm":40057,"minecraft:walk_one_cm":4212942,"minecraft:walk_under_water_one_cm":245326,"minecraft:boat_one_cm":780671,"minecraft:damage_taken":23202,"minecraft:aviate_one_cm":161293},"minecraft:dropped":{"minecraft:iron_sword":3,"minecraft:short_grass":2,"minecraft:porkchop":7,"minecraft:lapis_lazuli":124,"minecraft:cooked_beef":3,"minecraft:chorus_fruit":5,"minecraft:diamond":37,"minecraft:crafting_table":1,"minecraft:cracked_stone_bricks":3,"minecraft:purpur_stairs":3,"minecraft:elytra":3,"minecraft:rail":68,"minecraft:music_disc_creator_music_box":1,"minecraft:emerald":25,"minecraft:gold_block":1,"minecraft:dirt":223,"minecraft:gold_nugget":1,"minecraft:bone_meal":43,"minecraft:sand":3,"minecraft:sugar":6,"minecraft:white_wool":17,"minecraft:stone_axe":2,"minecraft:cherry_boat":2,"minecraft:sugar_cane":1,"minecraft:lever":3,"minecraft:cobbled_deepslate":146,"minecraft:wheat":2,"minecraft:birch_sapling":3,"minecraft:rotten_flesh":39,"minecraft:oak_planks":45,"minecraft:end_stone":19,"minecraft:glass":95,"minecraft:crying_obsidian":4,"minecraft:enchanted_book":1,"minecraft:iron_ingot":27,"minecraft:wheat_seeds":153,"minecraft:clock":1,"minecraft:purpur_slab":1,"minecraft:oak_fence":9,"minecraft:cobblestone":223,"minecraft:apple":8,"minecraft:granite":88,"minecraft:spruce_door":1,"minecraft:coal":1,"minecraft:oxeye_daisy":1,"minecraft:lava_bucket":4,"minecraft:gray_wool":1,"minecraft:golden_carrot":5,"minecraft:cherry_planks":25,"minecraft:diamond_helmet":2,"minecraft:oak_stairs":4,"minecraft:paper":2,"minecraft:string":19,"minecraft:spruce_sapling":4,"minecraft:purpur_pillar":23,"minecraft:iron_boots":1,"minecraft:cherry_slab":2,"minecraft:nether_bricks":36,"minecraft:diamond_sword":1,"minecraft:potato":43,"minecraft:peony":3,"minecraft:spruce_planks":4,"minecraft:diamond_pickaxe":10,"minecraft:redstone_torch":42,"minecraft:stone_bricks":2,"minecraft:spider_eye":5,"minecraft:spruce_sign":2,"minecraft:birch_planks":2,"minecraft:diamond_axe":7,"minecraft:oak_log":2,"minecraft:ender_pearl":8,"minecraft:leather":1,"minecraft:cobblestone_stairs":1,"minecraft:flint":8,"minecraft:birch_log":12,"minecraft:gold_ingot":64,"minecraft:gravel":51,"minecraft:purpur_block":9,"minecraft:spyglass":2,"minecraft:cherry_sapling":2,"minecraft:diamond_shovel":5,"minecraft:carrot":155,"minecraft:chainmail_chestplate":4,"minecraft:poppy":127,"minecraft:chest":1,"minecraft:chainmail_boots":16,"minecraft:iron_bars":3,"minecraft:arrow":17,"minecraft:powered_rail":19,"minecraft:quartz":19,"minecraft:netherrack":176,"minecraft:water_bucket":2,"minecraft:oak_slab":1,"minecraft:golden_helmet":1,"minecraft:cherry_log":2,"minecraft:lilac":5,"minecraft:minecart":4,"minecraft:diamond_leggings":2,"minecraft:activator_rail":9,"minecraft:spruce_stairs":2,"minecraft:grass_block":1,"minecraft:stick":66,"minecraft:iron_block":27,"minecraft:diorite":25,"minecraft:torch":13,"minecraft:iron_door":4,"minecraft:iron_leggings":1,"minecraft:raw_iron_block":2,"minecraft:bucket":18,"minecraft:dandelion":4,"minecraft:redstone":38,"minecraft:kelp":10,"minecraft:oak_trapdoor":3,"minecraft:blaze_rod":1,"minecraft:raw_copper":12,"minecraft:tuff":16,"minecraft:raw_iron":19,"minecraft:shield":2,"minecraft:trial_key":1,"minecraft:diamond_chestplate":1,"minecraft:iron_chestplate":3,"minecraft:andesite":66,"minecraft:mossy_stone_bricks":5,"minecraft:oak_sapling":19,"minecraft:diamond_boots":1,"minecraft:stone_pickaxe":18,"minecraft:wooden_pickaxe":2,"minecraft:calcite":2},"minecraft:picked_up":{"minecraft:iron_chestplate":6,"minecraft:chainmail_boots":16,"minecraft:anvil":1,"minecraft:flower_pot":1,"minecraft:smithing_table":6,"minecraft:lead":4,"minecraft:diamond_sword":10,"minecraft:oak_stairs":6,"minecraft:enchanted_book":3,"minecraft:brewing_stand":5,"minecraft:amethyst_block":66,"minecraft:polished_deepslate":1,"minecraft:string":35,"minecraft:soul_soil":6,"minecraft:beetroot":3,"minecraft:cherry_boat":2,"minecraft:diamond_leggings":11,"minecraft:cobbled_deepslate":837,"minecraft:gold_nugget":196,"minecraft:spruce_planks":93,"minecraft:trial_key":2,"minecraft:golden_helmet":1,"minecraft:jukebox":1,"minecraft:composter":3,"minecraft:purpur_pillar":26,"minecraft:cherry_log":1016,"minecraft:golden_chestplate":1,"minecraft:iron_block":113,"minecraft:glowstone":10,"minecraft:end_rod":8,"minecraft:white_terracotta":23,"minecraft:blaze_rod":6,"minecraft:iron_bars":3,"minecraft:birch_log":233,"minecraft:magma_block":62,"minecraft:water_bucket":7,"minecraft:feather":1,"minecraft:cooked_beef":10,"minecraft:iron_door":4,"minecraft:cherry_leaves":7,"minecraft:birch_slab":28,"minecraft:flint":52,"minecraft:cherry_fence":4,"minecraft:cherry_door":2,"minecraft:chipped_anvil":1,"minecraft:diamond_helmet":2,"minecraft:glowstone_dust":35,"minecraft:moss_block":6,"minecraft:dropper":1,"minecraft:iron_hoe":6,"minecraft:dispenser":1,"minecraft:lever":8,"minecraft:granite":335,"minecraft:bread":209,"minecraft:cherry_slab":85,"minecraft:diamond_pickaxe":26,"minecraft:crafting_table":27,"minecraft:nether_wart":31,"minecraft:purpur_block":135,"minecraft:cornflower":3,"minecraft:elytra":3,"minecraft:flint_and_steel":7,"minecraft:cracked_stone_bricks":3,"minecraft:cartography_table":1,"minecraft:beef":65,"minecraft:guster_pottery_sherd":1,"minecraft:poppy":226,"minecraft:minecart":30,"minecraft:chest":10,"minecraft:birch_sapling":8,"minecraft:stone":8,"minecraft:oak_door":5,"minecraft:flow_pottery_sherd":3,"minecraft:carrot":568,"minecraft:redstone":292,"minecraft:music_disc_creator_music_box":4,"minecraft:diamond_chestplate":9,"minecraft:stone_shovel":6,"minecraft:beetroot_seeds":7,"minecraft:peony":57,"minecraft:diamond_boots":2,"minecraft:hay_block":29,"minecraft:purpur_slab":1,"minecraft:gold_ingot":64,"minecraft:polished_blackstone":1,"minecraft:tuff_bricks":8,"minecraft:mutton":41,"minecraft:bone_block":24,"minecraft:white_wool":39,"minecraft:rail":214,"minecraft:oxeye_daisy":2,"minecraft:stripped_oak_log":23,"minecraft:clock":1,"minecraft:purpur_stairs":3,"minecraft:oak_log":1821,"minecraft:golden_boots":4,"minecraft:paper":2,"minecraft:stone_bricks":2,"minecraft:apple":75,"minecraft:kelp":10,"minecraft:oak_fence_gate":6,"minecraft:stone_pickaxe":8,"minecraft:cherry_sign":2,"minecraft:iron_sword":4,"minecraft:spyglass":3,"minecraft:gravel":241,"minecraft:spruce_sapling":81,"minecraft:spruce_log":1703,"minecraft:crying_obsidian":4,"minecraft:diamond_shovel":13,"minecraft:stone_axe":1,"minecraft:short_grass":2,"minecraft:diamond_axe":18,"minecraft:birch_sign":1,"minecraft:gray_wool":4,"minecraft:oak_button":1,"minecraft:baked_potato":196,"minecraft:ender_pearl":19,"minecraft:shulker_shell":6,"minecraft:wheat":20,"minecraft:nether_brick_fence":4,"minecraft:potion":5,"minecraft:raw_copper":347,"minecraft:iron_leggings":11,"minecraft:activator_rail":33,"minecraft:smooth_stone":1,"minecraft:bucket":28,"minecraft:redstone_torch":81,"minecraft:cobblestone_slab":188,"minecraft:calcite":2,"minecraft:iron_pickaxe":2,"minecraft:furnace":15,"minecraft:iron_boots":11,"minecraft:stick":552,"minecraft:oak_fence":60,"minecraft:torch":421,"minecraft:spruce_stairs":10,"minecraft:porkchop":34,"minecraft:diorite":195,"minecraft:rotten_flesh":153,"minecraft:obsidian":51,"minecraft:cobblestone":6217,"minecraft:enchanting_table":1,"minecraft:lilac":16,"minecraft:cherry_planks":268,"minecraft:andesite":320,"minecraft:potato":149,"minecraft:tuff":54,"minecraft:dirt":5875,"minecraft:lapis_lazuli":484,"minecraft:glass":175,"minecraft:bone":86,"minecraft:bow":16,"minecraft:wheat_seeds":309,"minecraft:raw_gold":79,"minecraft:bell":2,"minecraft:mossy_stone_bricks":5,"minecraft:fletching_table":9,"minecraft:scrape_pottery_sherd":2,"minecraft:powered_rail":22,"minecraft:oak_planks":151,"minecraft:stone_hoe":6,"minecraft:cooked_porkchop":29,"minecraft:sand":375,"minecraft:grass_block":2,"minecraft:diamond_block":1,"minecraft:shulker_box":37,"minecraft:mossy_cobblestone":12,"minecraft:sugar":8,"minecraft:spruce_boat":2,"minecraft:diamond":237,"minecraft:cherry_wood":2,"minecraft:bone_meal":109,"minecraft:golden_apple":1,"minecraft:spruce_sign":2,"minecraft:emerald":374,"minecraft:oak_sapling":161,"minecraft:chorus_fruit":5,"minecraft:netherrack":1993,"minecraft:end_stone_bricks":2,"minecraft:azure_bluet":1,"minecraft:ladder":1,"minecraft:wooden_pickaxe":4,"minecraft:gold_block":1,"minecraft:shield":10,"minecraft:brick":38,"minecraft:oak_trapdoor":24,"minecraft:iron_axe":2,"minecraft:item_frame":1,"minecraft:blackstone":62,"minecraft:lectern":93,"minecraft:blue_shulker_box":32,"minecraft:sugar_cane":102,"minecraft:spruce_trapdoor":2,"minecraft:cherry_trapdoor":6,"minecraft:raw_iron":274,"minecraft:end_stone":54,"minecraft:cherry_stairs":19,"minecraft:copper_ingot":11,"minecraft:cookie":36,"minecraft:iron_horse_armor":5,"minecraft:arrow":596,"minecraft:nether_bricks":45,"minecraft:saddle":4,"minecraft:golden_carrot":41,"minecraft:glow_ink_sac":9,"minecraft:leather":39,"minecraft:birch_planks":9,"minecraft:chainmail_chestplate":4,"minecraft:yellow_bed":8,"minecraft:gunpowder":6,"minecraft:cobblestone_stairs":3,"minecraft:cooked_mutton":8,"minecraft:iron_ingot":199,"minecraft:stripped_oak_wood":1,"minecraft:soul_sand":23,"minecraft:book":22,"minecraft:oak_slab":49,"minecraft:birch_boat":1,"minecraft:dandelion":22,"minecraft:quartz":55,"minecraft:raw_iron_block":4,"minecraft:lava_bucket":9,"minecraft:amethyst_shard":64,"minecraft:blast_furnace":5,"minecraft:white_bed":4,"minecraft:spruce_door":1,"minecraft:spider_eye":11,"minecraft:dead_bubble_coral_block":2,"minecraft:iron_helmet":11,"minecraft:cherry_sapling":304,"minecraft:black_wool":1,"minecraft:coal":774},"minecraft:broken":{"minecraft:iron_boots":1,"minecraft:diamond_shovel":1,"minecraft:shield":2,"minecraft:iron_helmet":1,"minecraft:iron_shovel":1,"minecraft:flint_and_steel":3,"minecraft:diamond_axe":1},"minecraft:mined":{"minecraft:white_bed":4,"minecraft:cherry_log":1017,"minecraft:obsidian":38,"minecraft:granite":251,"minecraft:nether_wart":28,"minecraft:spawner":1,"minecraft:tall_seagrass":1,"minecraft:magma_block":72,"minecraft:fire":13,"minecraft:cobbled_deepslate":11,"minecraft:deepslate_lapis_ore":24,"minecraft:fletching_table":9,"minecraft:enchanting_table":1,"minecraft:dirt_path":447,"minecraft:oak_stairs":5,"minecraft:small_amethyst_bud":3,"minecraft:kelp_plant":2,"minecraft:amethyst_cluster":6,"minecraft:torch":51,"minecraft:blast_furnace":5,"minecraft:glass":12,"minecraft:sugar_cane":45,"minecraft:amethyst_block":74,"minecraft:cherry_slab":47,"minecraft:white_terracotta":31,"minecraft:cherry_fence":4,"minecraft:wheat":83,"minecraft:lilac":10,"minecraft:jukebox":1,"minecraft:oak_fence_gate":2,"minecraft:blue_shulker_box":32,"minecraft:deepslate":928,"minecraft:mossy_cobblestone":7,"minecraft:cherry_sapling":6,"minecraft:shulker_box":37,"minecraft:end_stone":59,"minecraft:nether_bricks":37,"minecraft:crimson_roots":2,"minecraft:redstone_wire":1,"minecraft:cherry_wood":2,"minecraft:kelp":1,"minecraft:moss_block":6,"minecraft:cartography_table":1,"minecraft:andesite":268,"minecraft:potatoes":33,"minecraft:cobblestone_slab":23,"minecraft:rail":97,"minecraft:bone_block":24,"minecraft:ender_chest":1,"minecraft:smithing_table":9,"minecraft:oak_slab":3,"minecraft:glass_pane":9,"minecraft:cherry_planks":227,"minecraft:soul_sand":23,"minecraft:dandelion":18,"minecraft:cornflower":3,"minecraft:short_grass":807,"minecraft:dropper":1,"minecraft:copper_ore":42,"minecraft:purpur_pillar":10,"minecraft:tall_grass":102,"minecraft:deepslate_gold_ore":47,"minecraft:diorite":204,"minecraft:spruce_log":1646,"minecraft:birch_leaves":10,"minecraft:gravel":210,"minecraft:cobweb":5,"minecraft:birch_sign":1,"minecraft:polished_blackstone":1,"minecraft:stone_bricks":2,"minecraft:chipped_anvil":1,"minecraft:gold_ore":4,"minecraft:fern":1,"minecraft:large_amethyst_bud":2,"minecraft:spruce_planks":49,"minecraft:farmland":5,"minecraft:cobblestone_stairs":2,"minecraft:brewing_stand":5,"minecraft:cherry_trapdoor":6,"minecraft:budding_amethyst":19,"minecraft:grass_block":2538,"minecraft:soul_soil":7,"minecraft:composter":3,"minecraft:tuff_bricks":8,"minecraft:raw_iron_block":2,"minecraft:glowstone":10,"minecraft:iron_ore":62,"minecraft:anvil":1,"minecraft:azure_bluet":2,"minecraft:end_stone_bricks":3,"minecraft:deepslate_redstone_ore":45,"minecraft:blackstone":65,"minecraft:dead_bubble_coral_block":2,"minecraft:medium_amethyst_bud":5,"minecraft:purpur_stairs":4,"minecraft:calcite":6,"minecraft:poppy":17,"minecraft:chest":10,"minecraft:nether_quartz_ore":99,"minecraft:cobblestone":343,"minecraft:oak_planks":30,"minecraft:iron_door":2,"minecraft:wall_torch":41,"minecraft:seagrass":1,"minecraft:powered_rail":6,"minecraft:birch_log":235,"minecraft:activator_rail":8,"minecraft:stripped_oak_wood":1,"minecraft:purpur_block":69,"minecraft:oak_log":1782,"minecraft:beetroots":3,"minecraft:waxed_oxidized_copper":2,"minecraft:sand":381,"minecraft:dirt":2543,"minecraft:dispenser":1,"minecraft:netherrack":3212,"minecraft:oak_leaves":549,"minecraft:nether_gold_ore":29,"minecraft:diamond_ore":1,"minecraft:crying_obsidian":4,"minecraft:tuff":68,"minecraft:deepslate_diamond_ore":105,"minecraft:glow_lichen":1,"minecraft:lever":2,"minecraft:ladder":1,"minecraft:decorated_pot":11,"minecraft:spruce_leaves":123,"minecraft:hay_block":29,"minecraft:oak_trapdoor":20,"minecraft:spruce_sapling":4,"minecraft:furnace":13,"minecraft:carrots":154,"minecraft:peony":53,"minecraft:bell":2,"minecraft:nether_brick_fence":5,"minecraft:polished_deepslate":1,"minecraft:bookshelf":6,"minecraft:deepslate_iron_ore":86,"minecraft:stripped_oak_log":23,"minecraft:stone":4268,"minecraft:cherry_stairs":19,"minecraft:redstone_wall_torch":4,"minecraft:magenta_stained_glass":2,"minecraft:oak_fence":24,"minecraft:crafting_table":29,"minecraft:lectern":93,"minecraft:deepslate_coal_ore":5,"minecraft:lapis_ore":24,"minecraft:spruce_stairs":8,"minecraft:redstone_torch":13,"minecraft:yellow_bed":8,"minecraft:coal_ore":332,"minecraft:cherry_leaves":265,"minecraft:end_rod":6,"minecraft:flower_pot":1,"minecraft:cracked_stone_bricks":2,"minecraft:mossy_stone_bricks":2},"minecraft:crafted":{"minecraft:smooth_stone":31,"minecraft:chainmail_helmet":1,"minecraft:cherry_wood":9,"minecraft:birch_boat":1,"minecraft:lever":6,"minecraft:diamond_shovel":6,"minecraft:bookshelf":21,"minecraft:cooked_mutton":41,"minecraft:shulker_box":3,"minecraft:glass":118,"minecraft:diamond_helmet":3,"minecraft:diamond_leggings":5,"minecraft:polished_blackstone":20,"minecraft:emerald":982,"minecraft:cooked_porkchop":10,"minecraft:diamond_axe":6,"minecraft:smithing_table":4,"minecraft:copper_ingot":2,"minecraft:fletching_table":6,"minecraft:campfire":6,"minecraft:lectern":4,"minecraft:cherry_sign":3,"minecraft:iron_pickaxe":2,"minecraft:iron_block":3,"minecraft:gold_ingot":14,"minecraft:spyglass":1,"minecraft:experience_bottle":15,"minecraft:bone_meal":255,"minecraft:blue_shulker_box":1,"minecraft:cherry_trapdoor":6,"minecraft:diamond":9,"minecraft:spruce_stairs":116,"minecraft:ladder":27,"minecraft:cherry_stairs":16,"minecraft:ender_pearl":18,"minecraft:stone_pickaxe":12,"minecraft:diamond_boots":3,"minecraft:wheat":261,"minecraft:enchanting_table":1,"minecraft:glowstone":9,"minecraft:enchanted_book":12,"minecraft:chainmail_boots":12,"minecraft:iron_shovel":1,"minecraft:iron_leggings":11,"minecraft:white_bed":5,"minecraft:oak_planks":6936,"minecraft:cobblestone_slab":756,"minecraft:cherry_slab":144,"minecraft:stone":37,"minecraft:bow":3,"minecraft:iron_boots":5,"minecraft:chest":18,"minecraft:oak_button":1,"minecraft:rail":160,"minecraft:ender_eye":10,"minecraft:cherry_fence":9,"minecraft:spire_armor_trim_smithing_template":8,"minecraft:smoker":1,"minecraft:dropper":1,"minecraft:oak_slab":12,"minecraft:arrow":304,"minecraft:crafting_table":8,"minecraft:spruce_planks":6428,"minecraft:baked_potato":49,"minecraft:wooden_pickaxe":2,"minecraft:iron_helmet":4,"minecraft:chainmail_chestplate":10,"minecraft:birch_planks":744,"minecraft:dispenser":1,"minecraft:iron_chestplate":3,"minecraft:book":23,"minecraft:paper":102,"minecraft:diamond_pickaxe":4,"minecraft:shield":3,"minecraft:stick":28671,"minecraft:iron_ingot":667,"minecraft:redstone_torch":32,"minecraft:shears":1,"minecraft:cherry_planks":2108,"minecraft:oak_door":3,"minecraft:redstone":20,"minecraft:furnace":7,"minecraft:blast_furnace":10,"minecraft:oak_trapdoor":6,"minecraft:flint_and_steel":3,"minecraft:leather":1,"minecraft:polished_deepslate":208,"minecraft:iron_hoe":1,"minecraft:birch_sign":3,"minecraft:minecart":9,"minecraft:cooked_beef":37,"minecraft:diamond_sword":4,"minecraft:spruce_sign":3,"minecraft:powered_rail":12,"minecraft:activator_rail":12,"minecraft:iron_sword":1,"minecraft:bucket":21,"minecraft:stone_axe":2,"minecraft:bread":249,"minecraft:air":0,"minecraft:blue_dye":1,"minecraft:oak_boat":1,"minecraft:cherry_door":6,"minecraft:anvil":1,"minecraft:coast_armor_trim_smithing_template":4,"minecraft:torch":912,"minecraft:lapis_lazuli":12,"minecraft:diamond_chestplate":5}},"DataVersion":3955}